CID	Compound name	SMILES	Class
CIDs00000143	leucovorin	C1C(N(C2=C(N1)NC(=NC2=O)N)C=O)CNC3=CC=C(C=C3)C(=O)NC(CCC(=O)O)C(=O)O	0
CIDs00000191	arabinosyladenine	C1=NC2=C(C(=N1)N)N=CN2C3C(C(C(O3)CO)O)O	0
CIDs00000204	allantoin	C1(C(=O)NC(=O)N1)NC(=O)N	0
CIDs00000214	prink	CCCCCC(C=CC1C(CC(=O)C1CCCCCCC(=O)O)O)O	0
CIDs00000224	adenosine monophosphate	C1=NC2=C(C(=N1)N)N=CN2C3C(C(C(O3)COP(=O)(O)O)O)O	0
CIDs00000225	3 beta-hydroxy-5 alpha-androstan-17-one	CC12CCC(CC1CCC3C2CCC4(C3CCC4=O)C)O	0
CIDs00000237	quinacrine	CCN(CC)CCCC(C)NC1=C2C=C(C=CC2=NC3=C1C=CC(=C3)Cl)OC	1
CIDs00000253	D-biotin	C1C2C(C(S1)CCCCC(=O)O)NC(=O)N2	0
CIDs00000298	chloramphenicole	C1=CC(=CC=C1C(C(CO)NC(=O)C(Cl)Cl)O)[N+](=O)[O-]	1
CIDs00000346	hydroquinone-beta-D-glucopyranoside	C1=CC(=CC=C1O)OC2C(C(C(C(O2)CO)O)O)O	0
CIDs00000401	D-cycloserine	C1C(C(=O)NO1)N	0
CIDs00000444	bupropion	CC(C(=O)C1=CC(=CC=C1)Cl)NC(C)(C)C	0
CIDs00000450	estropause	CC12CCC3C(C1CCC2O)CCC4=C3C=CC(=C4)O	0
CIDs00000460	guaiacol	COC1=CC=CC=C1O	0
CIDs00000564	EACA	C(CCC(=O)O)CCN	0
CIDs00000581	2-acetylamino-3-mercaptopropionic acid	CC(=O)NC(CS)C(=O)O	0
CIDs00000596	Cytosar-U	C1=CN(C(=O)N=C1N)C2C(C(C(O2)CO)O)O	0
CIDs00000598	mesna	C(CS(=O)(=O)O)S	0
CIDs00000681	dopamine	C1=CC(=C(C=C1CCN)O)O	0
CIDs00000698	Folliculinum	CC12CCC3C(C1CCC2=O)CCC4=C3C=CC(=C4)O	0
CIDs00000815	kanamycin sulphate	C1C(C(C(C(C1N)OC2C(C(C(C(O2)CN)O)O)O)O)OC3C(C(C(C(O3)CO)O)N)O)N	0
CIDs00000836	DL-DOPA	C1=CC(=C(C=C1CC(C(=O)O)N)O)O	0
CIDs00000838	epinephrine solution	CNCC(C1=CC(=C(C=C1)O)O)O	0
CIDs00000853	thyroxine (T4	C1=C(C=C(C(=C1I)OC2=CC(=C(C(=C2)I)O)I)I)CC(C(=O)O)N	0
CIDs00000861	D-triiodothyronine	C1=CC(=C(C=C1OC2=C(C=C(C=C2I)CC(C(=O)O)N)I)I)O	0
CIDs00000896	melatonin	CC(=O)NCCC1=CNC2=C1C=C(C=C2)OC	0
CIDs00000925	beta-nicotinamide adenine dinucleotide reduced	C1=CC(=C[N+](=C1)C2C(C(C(O2)COP(=O)([O-])OP(=O)(O)OCC3C(C(C(O3)N4C=NC5=C4N=CN=C5N)O)O)O)O)C(=O)N	0
CIDs00000936	vitamin B	C1=CC(=CN=C1)C(=O)N	0
CIDs00000937	niacin	C1=CC(=CN=C1)C(=O)[O-]	0
CIDs00001027	pregnenolone	CC(=O)C1CCC2C1(CCC3C2CC=C4C3(CCC(C4)O)C)C	0
CIDs00001046	pyrazinamide	C1=CN=C(C=N1)C(=O)N	0
CIDs00001054	pyridoxine	CC1=NC=C(C(=C1O)CO)CO	0
CIDs00001065	Cinquin	COC1=CC2=C(C=CN=C2C=C1)C(C3CC4CCN3CC4C=C)O	0
CIDs00001130	thiamine	CC1=C(SC=[N+]1CC2=CN=C(N=C2N)C)CCO	0
CIDs00001207	dizocilpine hydrogen maleate	CC12C3=CC=CC=C3CC(N1)C4=CC=CC=C24	0
CIDs00001250	AC1Q7A0V	CC12CCN(C1N(C3=C2C=C(C=C3)O)C)C	0
CIDs00001258	hyoscine N-oxide	C[N+]1(C2CC(CC1C3C2O3)OC(=O)C(CO)C4=CC=CC=C4)[O-]	0
CIDs00001301	racemic naproxen	CC(C1=CC2=C(C=C1)C=C(C=C2)OC)C(=O)[O-].[Na+]	0
CIDs00001546	NSC105014	C1C(C(OC1N2C=NC3=C2N=C(N=C3N)Cl)CO)O	0
CIDs00001690	4-epidoxorubicin	CC1C(C(CC(O1)OC2CC(CC3=C(C4=C(C(=C23)O)C(=O)C5=C(C4=O)C=CC=C5OC)O)(C(=O)CO)O)[NH3+])O	1
CIDs00001798	AC1L1C9F	CC(=O)NC1=[N+](N=C(S1)S(=O)(=O)N)C	0
CIDs00001805	ArAAC	C1=NC(=NC(=O)N1C2C(C(C(O2)CO)O)O)N	0
CIDs00001839	furacin	C1=C(OC(=C1)[N+](=O)[O-])C=NNC(=O)N	1
CIDs00001869	N6-methyladenosine	CNC1=NC=NC2=C1N=CN2C3C(C(C(O3)CO)O)O	0
CIDs00001892	etofylline	CN1C2=C(C(=O)N(C1=O)C)N(C=N2)CCO	0
CIDs00001935	tacrine	C1CCC2=NC3=CC=CC=C3C(=C2C1)N	0
CIDs00001971	(+/-)-Abacavir	C1CC1NC2=NC(=NC3=C2N=CN3C4CC(C=C4)CO)N	0
CIDs00001972	amphotericin B solution	CC1C=CC=CC=CC=CC=CC=CC=CC(CC2C(C(CC(O2)(CC(CC(C(CCC(CC(CC(=O)OC(C(C1O)C)C)O)O)O)O)O)O)O)C(=O)O)OC3C(C(C(C(O3)C)O)N)O	0
CIDs00001978	acebutolol	CCCC(=O)NC1=CC(=C(C=C1)OCC(CNC(C)C)O)C(=O)C	0
CIDs00001979	aceclidine	CC(=O)OC1CN2CCC1CC2	0
CIDs00001981	acemetacin	CC1=C(C2=C(N1C(=O)C3=CC=C(C=C3)Cl)C=CC(=C2)OC)CC(=O)OCC(=O)O	0
CIDs00001983	paracetamol	CC(=O)NC1=CC=C(C=C1)O	0
CIDs00001986	acetazolamide	CC(=O)NC1=NN=C(S1)S(=O)(=O)N	0
CIDs00001989	acetohexamide	CC(=O)C1=CC=C(C=C1)S(=O)(=O)NC(=O)NC2CCCCC2	0
CIDs00001993	methacholine	CC(C[N+](C)(C)C)OC(=O)C	0
CIDs00001995	acetyl-DL-leucine	CC(C)CC(C(=O)O)NC(=O)C	0
CIDs00002021	NSC248616	CC1CC(=O)C2(C(O1)OC3C(C(C(C(C3O2)NC)O)NC)O)O	1
CIDs00002022	acyclovir	C1=NC2=C(N1COCCO)NC(=NC2=O)N	0
CIDs00002031	adiphenine	CCN(CC)CCOC(=O)C(C1=CC=CC=C1)C2=CC=CC=C2	0
CIDs00002082	albendazole	CCCSC1=CC2=C(C=C1)N=C(N2)NC(=O)OC	0
CIDs00002083	salbutamol	CC(C)(C)NCC(C1=CC(=C(C=C1)O)CO)O	0
CIDs00002085	AC1L1CVU	CCC(=O)OCC(=O)C1(C(CC2C1(CC(C3C2C(CC4=CC(=O)C=CC34C)Cl)O)C)C)OC(=O)CC	0
CIDs00002088	alendronate	C(CC(O)(P(=O)(O)O)P(=O)(O)O)CN	0
CIDs00002090	alexidine	CCCCC(CC)CN=C(N)NC(=NCCCCCCN=C(N)NC(=NCC(CC)CCCC)N)N	1
CIDs00002091	alpha-D3	CC(C)CCCC(C)C1CCC2C1(CCCC2=CC=C3CC(CC(C3=C)O)O)C	1
CIDs00002092	alfuzosin	CN(CCCNC(=O)C1CCCO1)C2=NC3=CC(=C(C=C3C(=N2)N)OC)OC	0
CIDs00002094	allopurinol	C1=C2C(=NC=NC2=O)NN1	0
CIDs00002119	alprenolol	CC(C)NCC(COC1=CC=CC=C1CC=C)O	0
CIDs00002122	altizide	C=CCSCC1NC2=CC(=C(C=C2S(=O)(=O)N1)S(=O)(=O)N)Cl	0
CIDs00002123	hexamethylmelamine	CN(C)C1=NC(=NC(=N1)N(C)C)N(C)C	0
CIDs00002130	amantadine	C1C2CC3CC1CC(C2)(C3)N	0
CIDs00002132	ambroxol	C1CC(CCC1NCC2=CC(=CC(=C2N)Br)Br)O	0
CIDs00002133	Amciderm	CC(=O)OCC(=O)C12C(CC3C1(CC(C4(C3CCC5=CC(=O)C=CC54C)F)O)C)OC6(O2)CCCC6	0
CIDs00002141	amifostine	C(CN)CNCCSP(=O)(O)O	0
CIDs00002142	selemycin	C1C(C(C(C(C1NC(=O)C(CCN)O)OC2C(C(C(C(O2)CO)O)N)O)O)OC3C(C(C(C(O3)CN)O)O)O)N	1
CIDs00002145	aminoglutethimide	CCC1(CCC(=O)NC1=O)C2=CC=C(C=C2)N	0
CIDs00002148	p-aminohippurate	C1=CC(=CC=C1C(=O)NCC(=O)O)N	0
CIDs00002151	4-aminoantipyrine	CC1=C(C(=O)N(N1C)C2=CC=CC=C2)N	0
CIDs00002153	theophylline	CN1C2=C(C(=O)N(C1=O)C)NC=N2	0
CIDs00002156	amiodarone	CCCCC1=C(C2=CC=CC=C2O1)C(=O)C3=CC(=C(C(=C3)I)OCC[NH+](CC)CC)I	1
CIDs00002158	AC1L1D1U	CC1(OC2C(C(OC2O1)C(CO)O)OCCCN(C)C)C	0
CIDs00002159	amisulpride	CCN1CCCC1CNC(=O)C2=CC(=C(C=C2OC)N)S(=O)(=O)CC	0
CIDs00002160	amitriptyline	CN(C)CCC=C1C2=CC=CC=C2CCC3=CC=CC=C31	0
CIDs00002162	amlodipine	CCOC(=O)C1=C(NC(=C(C1C2=CC=CC=C2Cl)C(=O)OC)C)COCCN	0
CIDs00002165	amodiaquine	CCN(CC)CC1=C(C=CC(=C1)NC2=C3C=CC(=CC3=NC=C2)Cl)O	0
CIDs00002170	amoxapine	C1CN(CCN1)C2=NC3=CC=CC=C3OC4=C2C=C(C=C4)Cl	0
CIDs00002171	sodium amoxicillin	CC1(C(N2C(S1)C(C2=O)NC(=O)C(C3=CC=C(C=C3)O)N)C(=O)O)C	1
CIDs00002172	AC1MXB9R	C1C2N(C1=O)C(C(=CCO)O2)C(=O)O	0
CIDs00002173	sodium ampicillin	CC1(C(N2C(S1)C(C2=O)NC(=O)C(C3=CC=CC=C3)N)C(=O)[O-])C	1
CIDs00002178	amprolium	CCCC1=NC=C(C(=N1)N)C[N+]2=CC=CC=C2C	0
CIDs00002187	anastrozole	CC(C)(C#N)C1=CC(=CC(=C1)CN2C=NC=N2)C(C)(C)C#N	0
CIDs00002194	trithio	COC1=CC=C(C=C1)C2=CC(=S)SS2	1
CIDs00002196	aniracetam	COC1=CC=C(C=C1)C(=O)N2CCCC2=O	0
CIDs00002200	antazoline	C1CN=C(N1)CN(CC2=CC=CC=C2)C3=CC=CC=C3	0
CIDs00002202	dithranol	C1C2=C(C(=CC=C2)O)C(=O)C3=C1C=CC=C3O	1
CIDs00002206	antipyrine	CC1=CC(=O)N(N1C)C2=CC=CC=C2	0
CIDs00002215	10,11-dihydroxyaporphine	CN1CCC2=CC=CC3=C2C1CC4=C3C(=C(C=C4)O)O	0
CIDs00002232	AC1Q5QXC	CC1CCN(C(C1)C(=O)O)C(=O)C(CCCN=C(N)N)NS(=O)(=O)C2=CC=CC3=C2NCC(C3)C	0
CIDs00002240	(+)-Arteannuin	CC1CCC2C(C(=O)OC3C24C1CCC(O3)(OO4)C)C	0
CIDs00002244	aspirin	CC(=O)OC1=CC=CC=C1C(=O)O	0
CIDs00002247	astemizole	COC1=CC=C(C=C1)CCN2CCC(CC2)NC3=NC4=CC=CC=C4N3CC5=CC=C(C=C5)F	1
CIDs00002249	atenolol	CC(C)NCC(COC1=CC=C(C=C1)CC(=O)N)O	0
CIDs00002250	AC1L1D9C	CC(C)C1=C(C(=C(N1CCC(CC(CC(=O)O)O)O)C2=CC=C(C=C2)F)C3=CC=CC=C3)C(=O)NC4=CC=CC=C4	0
CIDs00002254	AC1L1D9R	CC(C)CC(=O)OC1C(C(C(OC1OC2CC(C3CCC45CC(CCC4C3(C2)C)C(=C)C5O)C(=O)O)CO)OS(=O)(=O)[O-])OS(=O)(=O)[O-]	0
CIDs00002262	AC1L1DAC	CCC(C)C1C(C=CC2(O1)CC3CC(O2)CC=C(C(C(C=CC=C4COC5C4(C(C=C(C5O)C)C(=O)O3)O)C)OC6CC(C(C(O6)C)OC7CC(C(C(O7)C)O)OC)OC)C)C	1
CIDs00002265	azathioprine	CN1C=NC(=C1SC2=NC=NC3=C2NC=N3)[N+](=O)[O-]	1
CIDs00002267	azelastine	CN1CCCC(CC1)N2C(=O)C3=CC=CC=C3C(=N2)CC4=CC=C(C=C4)Cl	1
CIDs00002269	zithromycin	CCC1C(C(C(N(CC(CC(C(C(C(C(C(=O)O1)C)OC2CC(C(C(O2)C)O)(C)OC)C)OC3C(C(CC(O3)C)N(C)C)O)(C)O)C)C)C)O)(C)O	1
CIDs00002270	AC1Q5R6T	CC1(C(N2C(S1)C(C2=O)NC(=O)C(C3=CC=CC=C3)NC(=O)N4CCNC4=O)C(=O)[O-])C	1
CIDs00002274	azthreonam	CC1C(C(=O)N1S(=O)(=O)O)NC(=O)C(=NOC(C)(C)C(=O)O)C2=CSC(=N2)N	1
CIDs00002282	AC1O4W7S	CCOC(=O)OC(C)OC(=O)C1C(SC2N1C(=O)C2NC(=O)C(C3=CC=CC=C3)N)(C)C	1
CIDs00002284	baclofen	C1=CC(=CC=C1C(CC(=O)O)CN)Cl	0
CIDs00002307	Dipropionate Beclomethasone	CCC(=O)OCC(=O)C1(C(CC2C1(CC(C3(C2CCC4=CC(=O)C=CC43C)Cl)O)C)C)OC(=O)CC	0
CIDs00002310	bemegride	CCC1(CC(=O)NC(=O)C1)C	0
CIDs00002311	benazepril hydrochloride	CCOC(=O)C(CCC1=CC=CC=C1)NC2CCC3=CC=CC=C3N(C2=O)CC(=O)O	0
CIDs00002315	bendrofluazide	C1=CC=C(C=C1)CC2NC3=C(C=C(C(=C3)C(F)(F)F)S(=O)(=O)N)S(=O)(=O)N2	0
CIDs00002318	benfluorex	CC(CC1=CC(=CC=C1)C(F)(F)F)NCCOC(=O)C2=CC=CC=C2	0
CIDs00002320	8088 C.B	CC1=NC=C(C(=N1)N)CN(C=O)C(=C(CCOP(=O)(O)O)SC(=O)C2=CC=CC=C2)C	0
CIDs00002327	benserazide	C1=CC(=C(C(=C1CNNC(=O)C(CO)N)O)O)O	0
CIDs00002333	benzbromarone	CCC1=C(C2=CC=CC=C2O1)C(=O)C3=CC(=C(C(=C3)Br)O)Br	1
CIDs00002335	hyamine	CC(C)(C)CC(C)(C)C1=CC=C(C=C1)OCCOCC[N+](C)(C)CC2=CC=CC=C2	1
CIDs00002337	benzocaine	CCOC(=O)C1=CC=C(C=C1)N	0
CIDs00002343	benzthiazide	C1=CC=C(C=C1)CSCC2=NS(=O)(=O)C3=CC(=C(C=C3N2)Cl)S(=O)(=O)N	0
CIDs00002344	benztropine mesylate	CN1C2CCC1CC(C2)OC(C3=CC=CC=C3)C4=CC=CC=C4	0
CIDs00002349	penicillin	CC1(C(N2C(S1)C(C2=O)NC(=O)CC3=CC=CC=C3)C(=O)O)C	1
CIDs00002351	bepridil	CC(C)COCC(CN(CC1=CC=CC=C1)C2=CC=CC=C2)N3CCCC3	1
CIDs00002366	betahistine	CNCCC1=CC=CC=N1	0
CIDs00002369	betaxolol	CC(C)NCC(COC1=CC=C(C=C1)CCOCC2CC2)O	0
CIDs00002370	bethanechol	CC(C[N+](C)(C)C)OC(=O)N	0
CIDs00002375	bicalutamide	CC(CS(=O)(=O)C1=CC=C(C=C1)F)(C(=O)NC2=CC(=C(C=C2)C#N)C(F)(F)F)O	0
CIDs00002378	bifonazole	C1=CC=C(C=C1)C2=CC=C(C=C2)C(C3=CC=CC=C3)N4C=CN=C4	1
CIDs00002381	biperiden	C1CCN(CC1)CCC(C2CC3CC2C=C3)(C4=CC=CC=C4)O	0
CIDs00002391	lacO	CC(=O)OC1=CC=C(C=C1)C(C2=CC=C(C=C2)OC(=O)C)C3=CC=CC=N3	0
CIDs00002405	bisoprolol	CC(C)NCC(COC1=CC=C(C=C1)COCCOC(C)C)O	0
CIDs00002431	bretylium	CC[N+](C)(C)CC1=CC=CC=C1Br	0
CIDs00002442	bromhexine	CN(CC1=CC(=CC(=C1N)Br)Br)C2CCCCC2	0
CIDs00002443	AC1L1DOT	CC(C)CC1C(=O)N2CCCC2C3(N1C(=O)C(O3)(C(C)C)NC(=O)C4CN(C5CC6=C(NC7=CC=CC(=C67)C5=C4)Br)C)O	0
CIDs00002446	bromopride	CCN(CC)CCNC(=O)C1=CC(=C(C=C1OC)N)Br	0
CIDs00002448	bromperidol	C1CN(CCC1(C2=CC=C(C=C2)Br)O)CCCC(=O)C3=CC=C(C=C3)F	0
CIDs00002462	Turbuhaler	CCCC1OC2CC3C4CCC5=CC(=O)C=CC5(C4C(CC3(C2(O1)C(=O)CO)C)O)C	0
CIDs00002466	bufexamac	CCCCOC1=CC=C(C=C1)CC(=O)NO	0
CIDs00002467	buflomedil	COC1=CC(=C(C(=C1)OC)C(=O)CCCN2CCCC2)OC	0
CIDs00002471	bumetanide	CCCCNC1=C(C(=CC(=C1)C(=O)O)S(=O)(=O)N)OC2=CC=CC=C2	0
CIDs00002474	bupivacaine	CCCCN1CCCCC1C(=O)NC2=C(C=CC=C2C)C	0
CIDs00002477	buspirone	C1CCC2(C1)CC(=O)N(C(=O)C2)CCCCN3CCN(CC3)C4=NC=CC=N4	0
CIDs00002478	busulfan	CS(=O)(=O)OCCCCOS(=O)(=O)C	0
CIDs00002480	butacaine	CCCCN(CCCC)CCCOC(=O)C1=CC=C(C=C1)N	0
CIDs00002481	profundal	CC(C)CC1(C(=O)NC(=O)NC1=O)CC=C	0
CIDs00002482	butamben	CCCCOC(=O)C1=CC=C(C=C1)N	0
CIDs00002484	butenafine	CC(C)(C)C1=CC=C(C=C1)CN(C)CC2=CC=CC3=CC=CC=C32	1
CIDs00002519	caffeine	CN1C=NC2=C1C(=O)N(C(=O)N2C)C	0
CIDs00002520	verapamil	CC(C)C(CCCN(C)CCC1=CC(=C(C=C1)OC)OC)(C#N)C2=CC(=C(C=C2)OC)OC	0
CIDs00002522	Divonex	CC(C=CC(C1CC1)O)C2CCC3C2(CCCC3=CC=C4CC(CC(C4=C)O)O)C	0
CIDs00002538	S)-camptothecin	CCC1(C2=C(COC1=O)C(=O)N3CC4=CC5=CC=CC=C5N=C4C3=C2)O	0
CIDs00002541	candesartan	CCOC1=NC2=CC=CC(=C2N1CC3=CC=C(C=C3)C4=CC=CC=C4C5=NNN=N5)C(=O)O	0
CIDs00002550	(-)-Captopril	CC(CS)C(=O)N1CCCC1C(=O)O	0
CIDs00002551	carbachol	C[N+](C)(C)CCOC(=O)N	0
CIDs00002553	AGPs) carbadox	COC(=O)N=NC=C1C=[N+](C2=CC=CC=C2N1O)[O-]	1
CIDs00002554	carbamazepine	C1=CC=C2C(=C1)C=CC3=CC=CC=C3N2C(=O)N	0
CIDs00002561	Duogastrone	CC1(C2CCC3(C(C2(CCC1OC(=O)CCC(=O)O)C)C(=O)C=C4C3(CCC5(C4CC(CC5)(C)C(=O)O)C)C)C)C	0
CIDs00002562	carbetapentane	CCN(CC)CCOCCOC(=O)C1(CCCC1)C2=CC=CC=C2	0
CIDs00002563	adjunct to levodopa in Parkinsonism	CC(CC1=CC(=C(C=C1)O)O)(C(=O)O)NN	0
CIDs00002564	carbinoxamine	CN(C)CCOC(C1=CC=C(C=C1)Cl)C2=CC=CC=N2	0
CIDs00002576	carisoprodol	CCCC(C)(COC(=O)N)COC(=O)NC(C)C	0
CIDs00002581	carprofen	CC(C1=CC2=C(C=C1)C3=C(N2)C=CC(=C3)Cl)C(=O)O	0
CIDs00002583	carteolol	CC(C)(C)NCC(COC1=CC=CC2=C1CCC(=O)N2)O	0
CIDs00002585	carvedilol	COC1=CC=CC=C1OCCNCC(COC2=CC=CC3=C2C4=CC=CC=C4N3)O	0
CIDs00002609	alfacet	C1C(=C(N2C(S1)C(C2=O)NC(=O)C(C3=CC=CC=C3)N)C(=O)O)Cl	1
CIDs00002610	cephadroxil	CC1=C(N2C(C(C2=O)NC(=O)C(C3=CC=C(C=C3)O)N)SC1)C(=O)O	0
CIDs00002612	AC1L1E2H	CC(=O)OCC1=C(N2C(C(C2=O)NC(=O)CC3=CC=CS3)SC1)C(=O)O	1
CIDs00002617	sodium cefazolin	CC1=NN=C(S1)SCC2=C(N3C(C(C3=O)NC(=O)CN4C=NN=N4)SC2)C(=O)[O-]	1
CIDs00002622	AC1L1E3B	C[N+]1(CCCC1)CC2=C(N3C(C(C3=O)NC(=O)C(=NOC)C4=CSC(=N4)N)SC2)C(=O)[O-]	1
CIDs00002625	AC1L1E3K	CN1C(=NN=N1)SCC2=C(N3C(C(C3=O)(NC(=O)CSCC#N)OC)SC2)C(=O)[O-]	1
CIDs00002629	Cefoperazin	CCN1CCN(C(=O)C1=O)C(=O)NC(C2=CC=C(C=C2)O)C(=O)NC3C4N(C3=O)C(=C(CS4)CSC5=NN=NN5C)C(=O)[O-]	1
CIDs00002631	AC1O7G8N	CC(=O)OCC1=C(N2C(C(C2=O)NC(=O)C(=NOC)C3=CSC(=N3)N)SC1)C(=O)[O-]	1
CIDs00002635	AC1L1E4B	CN(C)CCN1C(=NN=N1)SCC2=C(N3C(C(C3=O)NC(=O)CC4=CSC(=N4)N)SC2)C(=O)O	1
CIDs00002637	cefoxitin sodium	COC1(C2N(C1=O)C(=C(CS2)COC(=O)N)C(=O)[O-])NC(=O)CC3=CC=CS3	1
CIDs00002648	NSC758163	C1C(=C(N2C(S1)C(C2=O)NC(=O)C(C3=CC=CC=C3)S(=O)(=O)[O-])C(=O)[O-])C[N+]4=CC=C(C=C4)C(=O)N	1
CIDs00002650	C2225	CC(C)(C(=O)O)ON=C(C1=CSC(=N1)N)C(=O)NC2C3N(C2=O)C(=C(CS3)C[N+]4=CC=CC=C4)C(=O)[O-]	1
CIDs00002658	Oraxim	CON=C(C1=CC=CO1)C(=O)NC2C3N(C2=O)C(=C(CS3)COC(=O)N)C(=O)[O-]	1
CIDs00002662	celecoxib	CC1=CC=C(C=C1)C2=CC(=NN2C3=CC=C(C=C3)S(=O)(=O)N)C(F)(F)F	0
CIDs00002663	celiprolol	CCN(CC)C(=O)NC1=CC(=C(C=C1)OCC(CNC(C)(C)C)O)C(=O)C	0
CIDs00002675	AC1L1E7K	C=CC1=C(N2C(C(C2=O)NC(=O)C(=NOCC(=O)O)C3=CSC(=N3)N)SC1)C(=O)O	1
CIDs00002678	cetirizine	C1CN(CCN1CCOCC(=O)O)C(C2=CC=CC=C2)C3=CC=C(C=C3)Cl	0
CIDs00002708	chlorambucil	C1=CC(=CC=C1CCCC(=O)O)N(CCCl)CCCl	0
CIDs00002710	chlorcyclizine	CN1CCN(CC1)C(C2=CC=CC=C2)C3=CC=C(C=C3)Cl	0
CIDs00002713	chlorhexidine (CHX	C1=CC(=CC=C1NC(=NC(=NCCCCCCN=C(N)N=C(N)NC2=CC=C(C=C2)Cl)N)N)Cl	1
CIDs00002714	chlormadinone acetate (CMA	CC(=O)C1(CCC2C1(CCC3C2C=C(C4=CC(=O)CCC34C)Cl)C)OC(=O)C	0
CIDs00002717	chlormezanone	CN1C(S(=O)(=O)CCC1=O)C2=CC=C(C=C2)Cl	0
CIDs00002719	chloroquine	CCN(CC)CCCC(C)NC1=C2C=CC(=CC2=NC=C1)Cl	0
CIDs00002720	thiazide	C1=C2C(=CC(=C1Cl)S(=O)(=O)N)S(=O)(=O)N=CN2	0
CIDs00002722	halquinol	C1=CC2=C(C(=C(C=C2Cl)Cl)O)N=C1	1
CIDs00002724	chlorphenesin carbamate	C1=CC(=CC=C1OCC(COC(=O)N)O)Cl	0
CIDs00002725	chlorpheniramine	CN(C)CCC(C1=CC=C(C=C1)Cl)C2=CC=CC=N2	0
CIDs00002726	chlorpromazine	CN(C)CCCN1C2=CC=CC=C2SC3=C1C=C(C=C3)Cl	1
CIDs00002727	chlorpropamide	CCCNC(=O)NS(=O)(=O)C1=CC=C(C=C1)Cl	0
CIDs00002729	chloroprothixene	CN(C)CCC=C1C2=CC=CC=C2SC3=C1C=C(C=C3)Cl	1
CIDs00002732	chlorthalidone	C1=CC=C2C(=C1)C(=O)NC2(C3=CC(=C(C=C3)Cl)S(=O)(=O)N)O	0
CIDs00002733	stealth	C1=CC2=C(C=C1Cl)NC(=O)O2	0
CIDs00002752	Cinildipine	CC1=C(C(C(=C(N1)C)C(=O)OCC=CC2=CC=CC=C2)C3=CC(=CC=C3)[N+](=O)[O-])C(=O)OCCOC	1
CIDs00002754	cilostazol	C1CCC(CC1)N2C(=NN=N2)CCCCOC3=CC4=C(C=C3)NC(=O)CC4	0
CIDs00002756	cimetidine	CC1=C(N=CN1)CSCCNC(=NC)NC#N	0
CIDs00002761	process in E	C1CN(CCN1CC=CC2=CC=CC=C2)C(C3=CC=CC=C3)C4=CC=CC=C4	0
CIDs00002762	cinoxacin	CCN1C2=CC3=C(C=C2C(=O)C(=N1)C(=O)O)OCO3	1
CIDs00002763	ciprofibrate	CC(C)(C(=O)O)OC1=CC=C(C=C1)C2CC2(Cl)Cl	0
CIDs00002764	ciprofloxacin	C1CC1N2C=C(C(=O)C3=CC(=C(C=C32)N4CCNCC4)F)C(=O)O	1
CIDs00002769	cisapride	COC1CN(CCC1NC(=O)C2=CC(=C(C=C2OC)N)Cl)CCCOC3=CC=C(C=C3)F	0
CIDs00002771	citalopram	CN(C)CCCC1(C2=C(CO1)C=C(C=C2)C#N)C3=CC=C(C=C3)F	0
CIDs00002780	clebopride	COC1=CC(=C(C=C1C(=O)NC2CCN(CC2)CC3=CC=CC=C3)Cl)N	0
CIDs00002781	NSC293370	CC(C1=CC=CC=C1)(C2=CC=C(C=C2)Cl)OCCC3CCCN3C	0
CIDs00002782	clemizole	C1CCN(C1)CC2=NC3=CC=CC=C3N2CC4=CC=C(C=C4)Cl	1
CIDs00002783	clenbuterol	CC(C)(C)NCC(C1=CC(=C(C(=C1)Cl)N)Cl)O	0
CIDs00002784	clidinium bromide	C[N+]12CCC(CC1)C(C2)OC(=O)C(C3=CC=CC=C3)(C4=CC=CC=C4)O	0
CIDs00002786	clindamycin-2-dihydrogenphosphate	CCCC1CC(N(C1)C)C(=O)NC(C2C(C(C(C(O2)SC)O)O)O)C(C)Cl	1
CIDs00002788	clioquinol	C1=CC2=C(C(=C(C=C2Cl)I)O)N=C1	1
CIDs00002791	clobetasol-17-propionate	CCC(=O)OC1(C(CC2C1(CC(C3(C2CCC4=CC(=O)C=CC43C)F)O)C)C)C(=O)CCl	0
CIDs00002794	clofazimine	CC(C)N=C1C=C2C(=NC3=CC=CC=C3N2C4=CC=C(C=C4)Cl)C=C1NC5=CC=C(C=C5)Cl	1
CIDs00002796	clofibrate	CCOC(=O)C(C)(C)OC1=CC=C(C=C1)Cl	0
CIDs00002797	fibrates	CC(C)(C(=O)O)OC1=CC=C(C=C1)Cl	0
CIDs00002798	clofilium	CCCCCCC[N+](CC)(CC)CCCCC1=CC=C(C=C1)Cl	1
CIDs00002800	NSC35770	CCN(CC)CCOC1=CC=C(C=C1)C(=C(C2=CC=CC=C2)Cl)C3=CC=CC=C3	1
CIDs00002801	clomipramine	CN(C)CCCN1C2=CC=CC=C2CCC3=C1C=C(C=C3)Cl	0
CIDs00002803	clonidine	C1CN=C(N1)NC2=C(C=CC=C2Cl)Cl	0
CIDs00002804	clopamide	CC1CCCC(N1NC(=O)C2=CC(=C(C=C2)Cl)S(=O)(=O)N)C	0
CIDs00002805	cloperastine	C1CCN(CC1)CCOC(C2=CC=CC=C2)C3=CC=C(C=C3)Cl	0
CIDs00002812	clotrimazole	C1=CC=C(C=C1)C(C2=CC=CC=C2)(C3=CC=CC=C3Cl)N4C=CN=C4	1
CIDs00002813	AC1Q5V3E	CC1=C(C(=NO1)C2=CC=CC=C2Cl)C(=O)NC3C4N(C3=O)C(C(S4)(C)C)C(=O)[O-]	1
CIDs00002818	clozapine	CN1CCN(CC1)C2=C3C=CC=CC3=NC4=C(N2)C=C(C=C4)Cl	0
CIDs00002833	colchine	CC(=O)NC1CCC2=CC(=C(C(=C2C3=CC=C(C(=O)C=C13)OC)OC)OC)OC	0
CIDs00002854	NSC281245	CCC(C)C(=O)OC1CCC=C2C1C(C(C=C2)C)CCC3CC(CC(=O)O3)O	0
CIDs00002866	beta-yohimbine	COC(=O)C1C(CCC2C1CC3C4=C(CCN3C2)C5=CC=CC=C5N4)O	0
CIDs00002881	sodium cromoglycate	C1=CC2=C(C(=C1)OCC(COC3=CC=CC4=C3C(=O)C=C(O4)C(=O)[O-])O)C(=O)C=C(O2)C(=O)[O-]	0
CIDs00002883	eurax lotion	CCN(C1=CC=CC=C1C)C(=O)C=CC	0
CIDs00002891	methylcob(III)alamin	CC1=CC2=C(C=C1C)N(C=N2)C3C(C(C(O3)CO)OP(=O)(O)OC(C)CNC(=O)CCC4(C(C5C6(C(C(C(=N6)C(=C7C(C(C(=N7)C=C8C(C(C(=N8)C(=C4[N-]5)C)CCC(=O)N)(C)C)CCC(=O)N)(C)CC(=O)N)C)CCC(=O)N)(C)CC(=O)N)C)CC(=O)N)C)O.[C-]#N.[Co+2]	0
CIDs00002895	cyclobenzaprine	CN(C)CCC=C1C2=CC=CC=C2C=CC3=CC=CC=C31	1
CIDs00002900	isocycloheximide	CC1CC(C(=O)C(C1)C(CC2CC(=O)NC(=O)C2)O)C	0
CIDs00002904	cyclopenthiazide	C1CCC(C1)CC2NC3=CC(=C(C=C3S(=O)(=O)N2)S(=O)(=O)N)Cl	0
CIDs00002905	cyclopentolate	CN(C)CCOC(=O)C(C1=CC=CC=C1)C2(CCCC2)O	0
CIDs00002907	cyclophosphamide	C1CNP(=O)(OC1)N(CCCl)CCCl	0
CIDs00002909	cyclophorine	CCC1C(=O)N(CC(=O)N(C(C(=O)NC(C(=O)N(C(C(=O)NC(C(=O)NC(C(=O)N(C(C(=O)N(C(C(=O)N(C(C(=O)N(C(C(=O)N1)C(C(C)CC=CC)O)C)C(C)C)C)CC(C)C)C)CC(C)C)C)C)C)CC(C)C)C)C(C)C)CC(C)C)C)C	1
CIDs00002913	cyproheptadine	CN1CCC(=C2C3=CC=CC=C3C=CC4=CC=CC=C42)CC1	0
CIDs00002914	AC1L1ERB	CC(=O)C1(CCC2C1(CCC3C2C=C(C4=CC(=O)C5CC5C34C)Cl)C)OC(=O)C	0
CIDs00002949	Bonzol	CC12CCC3C(C1CCC2(C#C)O)CCC4=CC5=C(CC34C)C=NO5	0
CIDs00002951	Dantrolene-13C3	C1C(=O)N=C(N1N=CC2=CC=C(O2)C3=CC=C(C=C3)[N+](=O)[O-])[O-]	0
CIDs00002955	dapsone	C1=CC(=CC=C1N)S(=O)(=O)C2=CC=C(C=C2)N	0
CIDs00002958	daunomycine	CC1C(C(CC(O1)OC2CC(CC3=C(C4=C(C(=C23)O)C(=O)C5=C(C4=O)C=CC=C5OC)O)(C(=O)C)O)N)O	1
CIDs00002965	debrisoquine	C1CN(CC2=CC=CC=C21)C(=N)[NH3+]	0
CIDs00002968	decamethonium	C[N+](C)(C)CCCCCCCCCC[N+](C)(C)C	0
CIDs00002973	deferoxamine	CC(=O)N(CCCCCNC(=O)CCC(=O)N(CCCCCNC(=O)CCC(=O)N(CCCCCN)O)O)O	0
CIDs00002974	dehydrocholic acid	CC(CCC(=O)[O-])C1CCC2C1(C(=O)CC3C2C(=O)CC4C3(CCC(=O)C4)C)C	0
CIDs00002993	dequalinium	CC1=[N+](C2=CC=CC=C2C(=C1)N)CCCCCCCCCC[N+]3=C(C=C(C4=CC=CC=C43)N)C	1
CIDs00002995	desipramine	CNCCCN1C2=CC=CC=C2CCC3=CC=CC=C31	0
CIDs00003003	Surodex	CC1CC2C3CCC4=CC(=O)C=CC4(C3(C(CC2(C1(C(=O)CO)O)C)O)F)C	0
CIDs00003008	racemethorphan	CN1CCC23CCCCC2C1CC4=C3C=C(C=C4)OC	0
CIDs00003019	diazoxide	CC1=NS(=O)(=O)C2=C(N1)C=CC(=C2)Cl	0
CIDs00003025	dibucaine	CCCCOC1=NC2=CC=CC=C2C(=C1)C(=O)NCCN(CC)CC	0
CIDs00003032	diclofenac	C1=CC=C(C(=C1)CC(=O)[O-])NC2=C(C=CC=C2Cl)Cl	0
CIDs00003038	dichlorphenamide	C1=C(C=C(C(=C1S(=O)(=O)N)Cl)Cl)S(=O)(=O)N	0
CIDs00003040	veracillin	CC1=C(C(=NO1)C2=C(C=CC=C2Cl)Cl)C(=O)NC3C4N(C3=O)C(C(S4)(C)C)C(=O)[O-]	1
CIDs00003042	dicyclomine	CCN(CC)CCOC(=O)C1(CCCCC1)C2CCCCC2	0
CIDs00003043	2',3'-dideoxyinosine	C1CC(OC1CO)N2C=NC3=C2NC=NC3=O	0
CIDs00003049	dienol	CC=C(C1=CC=C(C=C1)O)C(=CC)C2=CC=C(C=C2)O	1
CIDs00003052	diethylcarbamazine	CCN(CC)C(=O)N1CCN(CC1)C	0
CIDs00003053	gadopentetate dimeglumine (Gd	C(CN(CC(=O)O)CC(=O)O)N(CCN(CC(=O)O)CC(=O)O)CC(=O)O	0
CIDs00003054	diethylstilbestrol	CCC(=C(CC)C1=CC=C(C=C1)O)C2=CC=C(C=C2)O	1
CIDs00003055	diphenidol	C1CCN(CC1)CCCC(C2=CC=CC=C2)(C3=CC=CC=C3)O	0
CIDs00003056	batimastat (BB-94	CC1CC2C3CC(C4=CC(=O)C=CC4(C3(C(CC2(C1(C(=O)COC(=O)C)OC(=O)C)C)O)F)C)F	0
CIDs00003059	diflunisal	C1=CC(=C(C=C1C2=C(C=C(C=C2)F)F)C(=O)O)O	0
CIDs00003062	digitalis glycoside	CC1C(C(CC(O1)OC2C(OC(CC2O)OC3C(OC(CC3O)OC4CCC5(C(C4)CCC6C5CC(C7(C6(CCC7C8=CC(=O)OC8)O)C)O)C)C)C)O)O	0
CIDs00003066	dihydroergotamin	CC1(C(=O)N2C(C(=O)N3CCCC3C2(O1)O)CC4=CC=CC=C4)NC(=O)C5CC6C(CC7=CNC8=CC=CC6=C78)N(C5)C	0
CIDs00003069	NSC402956	CC1C(C(C(O1)OC2C(C(C(C(C2O)O)N=C(N)N)O)N=C(N)N)OC3C(C(C(C(O3)CO)O)O)NC)(CO)O	1
CIDs00003074	dilazep	COC1=CC(=CC(=C1OC)OC)C(=O)OCCCN2CCCN(CC2)CCCOC(=O)C3=CC(=C(C(=C3)OC)OC)OC	0
CIDs00003075	NSC759576	CC(=O)OC1C(SC2=CC=CC=C2N(C1=O)CC[NH+](C)C)C3=CC=C(C=C3)OC	0
CIDs00003077	dimaprit	CN(C)CCCSC(=N)N	0
CIDs00003081	dimethadione	CC1(C(=O)NC(=O)O1)C	0
CIDs00003100	diphenhydramine	CN(C)CCOC(C1=CC=CC=C1)C2=CC=CC=C2	0
CIDs00003103	diphenylpyraline	CN1CCC(CC1)OC(C2=CC=CC=C2)C3=CC=CC=C3	0
CIDs00003105	dipivefrin	CC(C)(C)C(=O)OC1=C(C=C(C=C1)C(CNC)O)OC(=O)C(C)(C)C	0
CIDs00003108	dipyridamole	C1CCN(CC1)C2=NC(=NC3=C2N=C(N=C3N4CCCCC4)N(CCO)CCO)N(CCO)CCO	0
CIDs00003110	dipyrone	CC1=C(C(=O)N(N1C)C2=CC=CC=C2)N(C)CS(=O)(=O)[O-]	0
CIDs00003114	disopyramide	CC(C)N(CCC(C1=CC=CC=C1)(C2=CC=CC=N2)C(=O)N)C(C)C	0
CIDs00003117	disulfiram	CCN(CC)C(=S)SSC(=S)N(CC)CC	0
CIDs00003121	valproate	CCCC(CCC)C(=O)O	0
CIDs00003132	thiorphan	C1=CC=C(C=C1)CC(CS)C(=O)NCC(=O)O	0
CIDs00003143	Docetaxel trihydrate	CC1=C2C(C(=O)C3(C(CC4C(C3C(C(C2(C)C)(CC1OC(=O)C(C(C5=CC=CC=C5)NC(=O)OC(C)(C)C)O)O)OC(=O)C6=CC=CC=C6)(CO4)OC(=O)C)O)C)O	0
CIDs00003148	dolasetron	C1C2CC3CC(CC1N3CC2=O)OC(=O)C4=CNC5=CC=CC=C54	0
CIDs00003151	domperidone	C1CN(CCC1N2C3=C(C=C(C=C3)Cl)NC2=O)CCCN4C5=CC=CC=C5NC4=O	0
CIDs00003154	AC1Q6UVC	CCNC1CC(S(=O)(=O)C2=C1C=C(S2)S(=O)(=O)N)C	0
CIDs00003155	nocte) dothiepin	CN(C)CCC=C1C2=CC=CC=C2CSC3=CC=CC=C31	0
CIDs00003157	doxazosin	COC1=C(C=C2C(=C1)C(=NC(=N2)N3CCN(CC3)C(=O)C4COC5=CC=CC=C5O4)N)OC	0
CIDs00003158	Z-doxepin	CN(C)CCC=C1C2=CC=CC=C2COC3=CC=CC=C31	0
CIDs00003162	doxylamine	CC(C1=CC=CC=C1)(C2=CC=CC=N2)OCCN(C)C	0
CIDs00003166	drofenine	CCN(CC)CCOC(=O)C(C1CCCCC1)C2=CC=CC=C2	0
CIDs00003168	droperidol	C1CN(CC=C1N2C3=CC=CC=C3NC2=O)CCCC(=O)C4=CC=C(C=C4)F	0
CIDs00003169	dropropizine	C1CN(CCN1CC(CO)O)C2=CC=CC=C2	0
CIDs00003180	dyclonine	CCCCOC1=CC=C(C=C1)C(=O)CCN2CCCCC2	0
CIDs00003181	AC1L1FCT	CC(=O)C1CCC2C1(CCC3C2C=CC4=CC(=O)CCC34C)C	0
CIDs00003182	diprophylline	CN1C2=C(C(=O)N(C1=O)C)N(C=N2)CC(CO)O	0
CIDs00003194	ebselen	C1=CC=C(C=C1)N2C(=O)C3=CC=CC=C3[Se]2	1
CIDs00003195	DL-EBURNAMONINE	CCC12CCCN3C1C4=C(CC3)C5=CC=CC=C5N4C(=O)C2	0
CIDs00003198	econazole	C1=CC(=CC=C1COC(CN2C=CN=C2)C3=C(C=C(C=C3)Cl)Cl)Cl	1
CIDs00003202	edrophonium	CC[N+](C)(C)C1=CC(=CC=C1)O	0
CIDs00003203	L 741211	C1CC1C#CC2(C3=C(C=CC(=C3)Cl)NC(=O)O2)C(F)(F)F	1
CIDs00003219	emedastine	CCOCCN1C2=CC=CC=C2N=C1N3CCCN(CC3)C	0
CIDs00003222	Vasotec IV	CCOC(=O)C(CCC1=CC=CC=C1)NC(C)C(=O)N2CCCC2C(=O)O	0
CIDs00003229	enoxacin	CCN1C=C(C(=O)C2=CC(=C(N=C21)N3CCNCC3)F)C(=O)O	1
CIDs00003242	mepirizole	CC1=CC(=NC(=N1)N2C(=CC(=N2)C)OC)OC	0
CIDs00003243	epithiostanol	CC12CCC3C(C1CCC2O)CCC4C3(CC5C(C4)S5)C	0
CIDs00003247	equiline	CC12CCC3C(=CCC4=C3C=CC(=C4)O)C1CCC2=O	0
CIDs00003255	erythromycin A	CCC1C(C(C(C(=O)C(CC(C(C(C(C(C(=O)O1)C)OC2CC(C(C(O2)C)O)(C)OC)C)OC3C(C(CC(O3)C)N(C)C)O)(C)O)C)C)O)(C)O	1
CIDs00003267	beta-estradiol-17-valerate	CCCCC(=O)OC1CCC2C1(CCC3C2CCC4=C3C=CC(=C4)O)C	1
CIDs00003269	trans-estriol	CC12CCC3C(C1CC(C2O)O)CCC4=C3C=CC(=C4)O	0
CIDs00003276	etanidazole	C1=CN(C(=N1)[N+](=O)[O-])CC(=O)NCCO	0
CIDs00003278	ethacrynic acid	CCC(=C)C(=O)C1=C(C(=C(C=C1)OCC(=O)O)Cl)Cl	1
CIDs00003279	Ethopian	CCC(CO)NCCNC(CC)CO	0
CIDs00003280	ethaverine	CCOC1=C(C=C(C=C1)CC2=NC=CC3=CC(=C(C=C32)OCC)OCC)OCC	1
CIDs00003285	17alpha-ethynylestradiol	CC12CCC3C(C1CCC2(C#C)O)CCC4=C3C=CC(=C4)O	0
CIDs00003288	NSC-9565	CC12CCC(=O)C=C1CCC3C2CCC4(C3CCC4(C#C)O)C	0
CIDs00003290	ethopropazine	CCN(CC)C(C)CN1C2=CC=CC=C2SC3=CC=CC=C31	1
CIDs00003291	ethosuximide	CCC1(CC(=O)NC1=O)C	0
CIDs00003292	ethotoin	CCN1C(=O)C(NC1=O)C2=CC=CC=C2	0
CIDs00003293	ethoxyquin	CCOC1=CC2=C(C=C1)NC(C=C2C)(C)C	0
CIDs00003304	Plinabulin (NPI-2358	CC(=O)OC1CCC2C3CCC4(C(C3CCC2=C1)CCC4(C#C)OC(=O)C)C	0
CIDs00003305	etidronate	CC(O)(P(=O)(O)O)P(=O)(O)O	0
CIDs00003306	etilefrine	CCNCC(C1=CC(=CC=C1)O)O	0
CIDs00003308	etodolac	CCC1=CC=CC2=C1NC3=C2CCOC3(CC)CC(=O)O	0
CIDs00003310	Exitop	CC1OCC2C(O1)C(C(C(O2)OC3C4COC(=O)C4C(C5=CC6=C(C=C35)OCO6)C7=CC(=C(C(=C7)OC)O)OC)O)O	1
CIDs00003312	Tigason	CCOC(=O)C=C(C)C=CC=C(C)C=CC1=C(C(=C(C=C1C)OC)C)C	0
CIDs00003324	famciclovir	CC(=O)OCC(CCN1C=NC2=CN=C(N=C21)N)COC(=O)C	0
CIDs00003325	famotidin	C1=C(N=C(S1)N=C(N)N)CSCCC(=NS(=O)(=O)N)N	0
CIDs00003326	famprofazone	CC(C)C1=C(N(N(C1=O)C2=CC=CC=C2)C)CN(C)C(C)CC3=CC=CC=C3	0
CIDs00003332	EMEC	C1=CC=C(C=C1)C2=CC=C(C=C2)CC(=O)O	0
CIDs00003333	felodipine	CCOC(=O)C1=C(NC(=C(C1C2=C(C(=CC=C2)Cl)Cl)C(=O)OC)C)C	1
CIDs00003334	fenbendazole	COC(=O)NC1=NC2=C(N1)C=C(C=C2)SC3=CC=CC=C3	0
CIDs00003335	fenbufen	C1=CC=C(C=C1)C2=CC=C(C=C2)C(=O)CCC(=O)O	0
CIDs00003336	fendiline	CC(C1=CC=CC=C1)NCCC(C2=CC=CC=C2)C3=CC=CC=C3	1
CIDs00003337	fenfluramine	CCNC(C)CC1=CC(=CC=C1)C(F)(F)F	0
CIDs00003338	1-phenyl-1-hydroxy-n-pentane	CCCCC(C1=CC=CC=C1)O	0
CIDs00003339	fenofibrate	CC(C)OC(=O)C(C)(C)OC1=CC=C(C=C1)C(=O)C2=CC=C(C=C2)Cl	0
CIDs00003342	fenoprofen	CC(C1=CC(=CC=C1)OC2=CC=CC=C2)C(=O)O	0
CIDs00003343	fenoterol	CC(CC1=CC=C(C=C1)O)NCC(C2=CC(=CC(=C2)O)O)O	0
CIDs00003344	fenspiride	C1CN(CCC12CNC(=O)O2)CCC3=CC=CC=C3	0
CIDs00003348	fexofenadine	CC(C)(C1=CC=C(C=C1)C(CCCN2CCC(CC2)C(C3=CC=CC=C3)(C4=CC=CC=C4)O)O)C(=O)O	0
CIDs00003350	AC1L1FQH	CC12CCC3C(C1CCC2C(=O)NC(C)(C)C)CCC4C3(C=CC(=O)N4)C	0
CIDs00003351	fipexide	C1CN(CCN1CC2=CC3=C(C=C2)OCO3)C(=O)COC4=CC=C(C=C4)Cl	0
CIDs00003354	flavoxate	CC1=C(OC2=C(C1=O)C=CC=C2C(=O)OCCN3CCCCC3)C4=CC=CC=C4	0
CIDs00003355	flecainide	C1CCNC(C1)C[NH2+]C(=O)C2=C(C=CC(=C2)OCC(F)(F)F)OCC(F)(F)F	0
CIDs00003357	fleroxacin	CN1CCN(CC1)C2=C(C=C3C(=C2F)N(C=C(C3=O)C(=O)O)CCF)F	1
CIDs00003363	5-fluorodeoxyuridine	C1C(C(OC1N2C=C(C(=O)NC2=O)F)CO)O	1
CIDs00003364	NSC-277175	CC1=C(C(=NO1)C2=C(C=CC=C2Cl)F)C(=O)NC3C4N(C3=O)C(C(S4)(C)C)C(=O)O	1
CIDs00003365	fluconazole	C1=CC(=C(C=C1F)F)C(CN2C=NC=N2)(CN3C=NC=N3)O	0
CIDs00003366	flucytosine	C1=NC(=O)NC(=C1F)N	0
CIDs00003367	2-fluoroadenosine	C1=NC2=C(N1C3C(C(C(O3)CO)O)O)N=C(N=C2N)F	0
CIDs00003370	9  -fluorohydrocortisone acetate	CC(=O)OCC(=O)C1(CCC2C1(CC(C3(C2CCC4=CC(=O)CCC43C)F)O)C)O	0
CIDs00003371	flufenamic acid	C1=CC=C(C(=C1)C(=O)O)NC2=CC=CC(=C2)C(F)(F)F	1
CIDs00003372	fluphenazine	C1CN(CCN1CCCN2C3=CC=CC=C3SC4=C2C=C(C=C4)C(F)(F)F)CCO	1
CIDs00003374	flumequine	CC1CCC2=C3N1C=C(C(=O)C3=CC(=C2)F)C(=O)O	1
CIDs00003375	Vecort	CC1CC2C3CC(C4=CC(=O)C=CC4(C3(C(CC2(C1(C(=O)CO)O)C)O)F)C)F	0
CIDs00003377	metoprolol) flunarizine	C1C[NH+](CC[NH+]1CC=CC2=CC=CC=C2)C(C3=CC=C(C=C3)F)C4=CC=C(C=C4)F	0
CIDs00003379	AC1L1FSW	CC1(OC2CC3C4CC(C5=CC(=O)C=CC5(C4C(CC3(C2(O1)C(=O)CO)C)O)C)F)C	0
CIDs00003381	Fluvean	CC1(OC2CC3C4CC(C5=CC(=O)C=CC5(C4(C(CC3(C2(O1)C(=O)CO)C)O)F)C)F)C	0
CIDs00003382	Topsyne	CC(=O)OCC(=O)C12C(CC3C1(CC(C4(C3CC(C5=CC(=O)C=CC54C)F)F)O)C)OC(O2)(C)C	0
CIDs00003384	FML S.O.P.	CC1CC2C3CCC(C3(CC(C2(C4(C1=CC(=O)C=C4)C)F)O)C)(C(=O)C)O	0
CIDs00003385	5-fluorouracil	C1=C(C(=O)NC(=O)N1)F	1
CIDs00003386	fluoxetine	CNCCC(C1=CC=CC=C1)OC2=CC=C(C=C2)C(F)(F)F	0
CIDs00003392	losartan potassium (DuP 753	CC1(OC2CC3C4CC(C5=CC(=O)CCC5(C4C(CC3(C2(O1)C(=O)CO)C)O)C)F)C	0
CIDs00003394	flurbiprofen	CC(C1=CC(=C(C=C1)C2=CC=CC=C2)F)C(=O)O	0
CIDs00003396	fluspirilene	C1CN(CCC12C(=O)NCN2C3=CC=CC=C3)CCCC(C4=CC=C(C=C4)F)C5=CC=C(C=C5)F	0
CIDs00003397	flutamide	CC(C)C(=O)NC1=CC(=C(C=C1)[N+](=O)[O-])C(F)(F)F	0
CIDs00003399	AC1L1FUK	CCC(=O)OC1(C(CC2C1(CC(C3(C2CC(C4=CC(=O)C=CC43C)F)F)O)C)C)C(=O)SCF	0
CIDs00003403	fluvastatin (Lescol	CC(C)N1C2=CC=CC=C2C(=C1C=CC(CC(CC(=O)O)O)O)C3=CC=C(C=C3)F	0
CIDs00003404	SSRI) fluvoxamine	COCCCCC(=NOCCN)C1=CC=C(C=C1)C(F)(F)F	0
CIDs00003405	folic acid	C1=CC(=CC=C1C(=O)NC(CCC(=O)O)C(=O)O)NCC2=CN=C3C(=N2)C(=O)N=C(N3)N	0
CIDs00003406	4-methylpyrazole	CC1=CNN=C1	0
CIDs00003408	A 5791	CC12CCC(=O)C(=C1CCC3C2CCC4(C3CCC4=O)C)O	0
CIDs00003410	formoterol	CC(CC1=CC=C(C=C1)OC)NCC(C2=CC(=C(C=C2)O)NC=O)O	0
CIDs00003418	fosfosal	C1=CC=C(C(=C1)C(=O)O)OP(=O)(O)O	0
CIDs00003419	Acecor	CCC(=O)OC(C(C)C)OP(=O)(CCCCC1=CC=CC=C1)CC(=O)N2CC(CC2C(=O)[O-])C3CCCCC3	0
CIDs00003434	Furaltadone hydrochloride	C1COCCN1CC2CN(C(=O)O2)N=CC3=CC=C(O3)[N+](=O)[O-]	1
CIDs00003435	Furazolidone-d4	C1COC(=O)N1N=CC2=CC=C(O2)[N+](=O)[O-]	1
CIDs00003440	furosemide	C1=COC(=C1)CNC2=CC(=C(C=C2C(=O)O)S(=O)(=O)N)Cl	0
CIDs00003441	Fursutiamine	CC1=NC=C(C(=N1)N)CN(C=O)C(=C(CCO)SSCC2CCCO2)C	0
CIDs00003443	Fusidic Acid-d6	CC1C2CCC3(C(C2(CCC1O)C)C(CC4C3(CC(C4=C(CCC=C(C)C)C(=O)O)OC(=O)C)C)O)C	1
CIDs00003446	gabapentin	C1CCC(CC1)(CC(=O)O)CN	0
CIDs00003447	gabexate mesilate	CCOC(=O)C1=CC=C(C=C1)OC(=O)CCCCCN=C(N)N	0
CIDs00003448	gaboxadol	C1CNCC2=C1C(=O)NO2	0
CIDs00003449	galanthamine	CN1CCC23C=CC(CC2OC4=C(C=CC(=C34)C1)OC)O	0
CIDs00003450	gallamine triethiodide	CC[N+](CC)(CC)CCOC1=C(C(=CC=C1)OCC[N+](CC)(CC)CC)OCC[N+](CC)(CC)CC	0
CIDs00003454	ganciclovir	C1=NC2=C(N1COC(CO)CO)NC(=NC2=O)N	0
CIDs00003455	vanoxerine	C1CN(CCN1CCCC2=CC=CC=C2)CCOC(C3=CC=C(C=C3)F)C4=CC=C(C=C4)F	0
CIDs00003461	2'-deoxy-2',2'-difluorocytidine	C1=CN(C(=O)N=C1N)C2C(C(C(O2)CO)O)(F)F	0
CIDs00003463	gemfibrozil	CC1=CC(=C(C=C1)C)OCCCC(C)(C)C(=O)O	0
CIDs00003474	glafenine	C1=CC=C(C(=C1)C(=O)OCC(CO)O)NC2=C3C=CC(=CC3=NC=C2)Cl	0
CIDs00003475	gliclazide	CC1=CC=C(C=C1)S(=O)(=O)NC(=O)NN2CC3CCCC3C2	0
CIDs00003476	glimepiride	CCC1=C(CN(C1=O)C(=O)NCCC2=CC=C(C=C2)S(=O)(=O)NC(=O)NC3CCC(CC3)C)C	0
CIDs00003478	glipizide	CC1=NC=C(N=C1)C(=O)NCCC2=CC=C(C=C2)S(=O)(=O)NC(=O)NC3CCCCC3	0
CIDs00003488	glibenclamide	COC1=C(C=C(C=C1)Cl)C(=O)NCCC2=CC=C(C=C2)S(=O)(=O)NC(=O)NC3CCCCC3	0
CIDs00003494	glycopyrrolate	C[N+]1(CCC(C1)OC(=O)C(C2CCCC2)(C3=CC=CC=C3)O)C	0
CIDs00003510	granisetron	CN1C2CCCC1CC(C2)NC(=O)C3=NN(C4=CC=CC=C43)C	0
CIDs00003512	Polygris	CC1CC(=O)C=C(C12C(=O)C3=C(O2)C(=C(C=C3OC)OC)Cl)OC	0
CIDs00003516	guaifenesin	COC1=CC=CC=C1OCC(CO)O	0
CIDs00003517	adept	C1=CC(=C(C(=C1)Cl)C=NN=C(N)N)Cl	0
CIDs00003518	guanethidine	C1CCCN(CCC1)CCN=C(N)N	0
CIDs00003519	guanfacine	C1=CC(=C(C(=C1)Cl)CC(=O)N=C(N)N)Cl	0
CIDs00003553	AC1L1G72	CC1(OC2CC3C4CCC5=CC(=O)CCC5(C4(C(CC3(C2(O1)C(=O)CCl)C)O)F)C)C	0
CIDs00003559	haloperidol	C1CN(CCC1(C2=CC=C(C=C2)Cl)O)CCCC(=O)C3=CC=C(C=C3)F	0
CIDs00003561	haloprogin	C1=C(C(=CC(=C1Cl)Cl)Cl)OCC#CI	1
CIDs00003585	hemicholinium-3	C[N+]1(CCOC(C1)(C2=CC=C(C=C2)C3=CC=C(C=C3)C4(C[N+](CCO4)(C)C)O)O)C	0
CIDs00003590	heptaminol	CC(CCCC(C)(C)O)N	0
CIDs00003594	NSC44184	CC1C(C(C(C(O1)OCC2C(C(C(C(O2)OC3=CC(=C4C(=O)CC(OC4=C3)C5=CC(=C(C=C5)OC)O)O)O)O)O)O)O)O	0
CIDs00003598	pre-op	C1=C(C(=C(C(=C1Cl)Cl)CC2=C(C(=CC(=C2Cl)Cl)Cl)O)O)Cl	1
CIDs00003604	hexamethonium	C[N+](C)(C)CCCCCC[N+](C)(C)C	0
CIDs00003606	hexestrol	CCC(C1=CC=C(C=C1)O)C(CC)C2=CC=C(C=C2)O	1
CIDs00003607	hexetidine	CCCCC(CC)CN1CC(CN(C1)CC(CC)CCCC)(C)N	1
CIDs00003623	homatropine hydrobromide	CN1C2CCC1CC(C2)OC(=O)C(C3=CC=CC=C3)O	0
CIDs00003627	homochlorcyclizine	CN1CCCN(CC1)C(C2=CC=CC=C2)C3=CC=C(C=C3)Cl	0
CIDs00003634	hycanthone	CCN(CC)CCNC1=C2C(=C(C=C1)CO)SC3=CC=CC=C3C2=O	1
CIDs00003636	hyoscine N-butylbromide	CCCC[N+]1(C2CC(CC1C3C2O3)OC(=O)C(CO)C4=CC=CC=C4)C	0
CIDs00003637	hydralazine	C1=CC=C2C(=C1)C=NN=C2NN	0
CIDs00003639	hydrochlorothiazide	C1NC2=CC(=C(C=C2S(=O)(=O)N1)S(=O)(=O)N)Cl	0
CIDs00003640	s-cortisol	CC12CCC(=O)C=C1CCC3C2C(CC4(C3CCC4(C(=O)CO)O)C)O	0
CIDs00003641	Hydrocortisoni acetas	CC(=O)OCC(=O)C1(CCC2C1(CC(C3C2CCC4=CC(=O)CCC34C)O)C)O	0
CIDs00003647	hydroflumethiazide	C1NC2=C(C=C(C(=C2)C(F)(F)F)S(=O)(=O)N)S(=O)(=O)N1	0
CIDs00003652	hydroxychloroquine	CCN(CCCC(C)NC1=C2C=CC(=CC2=NC=C1)Cl)CCO	0
CIDs00003658	hydroxyzine	C1CN(CCN1CCOCCO)C(C2=CC=CC=C2)C3=CC=C(C=C3)Cl	0
CIDs00003661	atropine sulfate	CN1C2CCC1CC(C2)OC(=O)C(CO)C3=CC=CC=C3	0
CIDs00003671	ibudilast	CC(C)C1=NN2C=CC=CC2=C1C(=O)C(C)C	0
CIDs00003672	ibuprofen	CC(C)CC1=CC=C(C=C1)C(C)C(=O)O	0
CIDs00003675	phenelzine	C1=CC=C(C=C1)CCNN	0
CIDs00003676	lidocaine	CCN(CC)CC(=O)NC1=C(C=CC=C1C)C	0
CIDs00003677	mephentermine	CC(C)(CC1=CC=CC=C1)NC	0
CIDs00003678	alverine citrate	CCN(CCCC1=CC=CC=C1)CCCC2=CC=CC=C2	0
CIDs00003680	betamethasone 21-acetate	CC1CC2C3CCC4=CC(=O)C=CC4(C3(C(CC2(C1(C(=O)COC(=O)C)O)C)O)F)C	0
CIDs00003686	idebenone	CC1=C(C(=O)C(=C(C1=O)OC)OC)CCCCCCCCCCO	0
CIDs00003687	5-iodo-2'-deoxyuridine	C1C(C(OC1N2C=C(C(=O)NC2=O)I)CO)O	1
CIDs00003689	ifenprodil	CC(C(C1=CC=C(C=C1)O)O)N2CCC(CC2)CC3=CC=CC=C3	0
CIDs00003690	ifosfamide	C1CN(P(=O)(OC1)NCCCl)CCCl	0
CIDs00003695	AC1L1GIB	CC(C1C2CC(=C(N2C1=O)C(=O)O)SCCN=CN)O	1
CIDs00003696	imipramine	CN(C)CCCN1C2=CC=CC=C2CCC3=CC=CC=C31	0
CIDs00003698	amrinone	C1=CN=CC=C1C2=CNC(=O)C(=C2)N	0
CIDs00003702	indapamide	CC1CC2=CC=CC=C2N1NC(=O)C3=CC(=C(C=C3)Cl)S(=O)(=O)N	0
CIDs00003703	AC1L1GIZ	CNC1CC(C2=CC=CC=C12)C3=CC(=C(C=C3)Cl)Cl	0
CIDs00003715	indomethacin	CC1=C(C2=C(N1C(=O)C3=CC=C(C=C3)Cl)C=CC(=C2)OC)CC(=O)O	0
CIDs00003718	indoprofen	CC(C1=CC=C(C=C1)N2CC3=CC=CC=C3C2=O)C(=O)O	0
CIDs00003724	iodixanol	CC(=O)N(CC(CN(C1=C(C(=C(C(=C1I)C(=O)NCC(CO)O)I)C(=O)NCC(CO)O)I)C(=O)C)O)C2=C(C(=C(C(=C2I)C(=O)NCC(CO)O)I)C(=O)NCC(CO)O)I	0
CIDs00003730	iohexol	CC(=O)N(CC(CO)O)C1=C(C(=C(C(=C1I)C(=O)NCC(CO)O)I)C(=O)NCC(CO)O)I	0
CIDs00003734	AC1Q4PBS	CC(C(=O)NC1=C(C(=C(C(=C1I)C(=O)NC(CO)CO)I)C(=O)NC(CO)CO)I)O	0
CIDs00003735	iopanoic acid	CCC(CC1=C(C(=C(C=C1I)I)N)I)C(=O)O	0
CIDs00003736	iopromide	CN(CC(CO)O)C(=O)C1=C(C(=C(C(=C1I)C(=O)NCC(CO)O)I)NC(=O)COC)I	0
CIDs00003739	iodipamide	C1=C(C(=C(C(=C1I)NC(=O)CCCCC(=O)NC2=C(C=C(C(=C2I)C(=O)O)I)I)I)C(=O)O)I	0
CIDs00003741	ioversol	C(CO)N(C1=C(C(=C(C(=C1I)C(=O)NCC(CO)O)I)C(=O)NCC(CO)O)I)C(=O)CO	0
CIDs00003742	ioxaglate	CC(=O)N(C)C1=C(C(=C(C(=C1I)C(=O)NCC(=O)NC2=C(C(=C(C(=C2I)C(=O)O)I)C(=O)NCCO)I)I)C(=O)NC)I	0
CIDs00003748	iproniazid	CC(C)NNC(=O)C1=CC=NC=C1	0
CIDs00003750	AC1L7AJI	CCC1=C2C=C(C=CC2=NC3=C1CN4C3=CC5=C(C4=O)COC(=O)C5(CC)O)OC(=O)N6CCC(CC6)N7CCCCC7	0
CIDs00003752	irsogladine	C1=CC(=C(C=C1Cl)C2=NC(=NC(=N2)N)N)Cl	0
CIDs00003759	isocarboxazid	CC1=CC(=NO1)C(=O)NNCC2=CC=CC=C2	0
CIDs00003760	isoconazole	C1=CC(=C(C(=C1)Cl)COC(CN2C=CN=C2)C3=C(C=C(C=C3)Cl)Cl)Cl	1
CIDs00003762	isoetharine	CCC(C(C1=CC(=C(C=C1)O)O)O)NC(C)C	0
CIDs00003767	isoniazid	C1=CN=CC=C1C(=O)NN	0
CIDs00003775	isopropamide	CC(C)[N+](C)(CCC(C1=CC=CC=C1)(C2=CC=CC=C2)C(=O)N)C(C)C	0
CIDs00003779	isoproterenol	CC(C)NCC(C1=CC(=C(C=C1)O)O)O	0
CIDs00003780	BiDil (Salt/Mix)	C1C(C2C(O1)C(CO2)O[N+](=O)[O-])O[N+](=O)[O-]	0
CIDs00003783	isoxsuprine	CC(COC1=CC=CC=C1)NC(C)C(C2=CC=C(C=C2)O)O	0
CIDs00003784	isradipine	CC1=C(C(C(=C(N1)C)C(=O)OC(C)C)C2=CC=CC3=NON=C32)C(=O)OC	0
CIDs00003792	itopride	CN(C)CCOC1=CC=C(C=C1)CNC(=O)C2=CC(=C(C=C2)OC)OC	0
CIDs00003793	itraconazole oral solution	CCC(C)N1C(=O)N(C=N1)C2=CC=C(C=C2)N3CCN(CC3)C4=CC=C(C=C4)OCC5COC(O5)(CN6C=NC=N6)C7=C(C=C(C=C7)Cl)Cl	0
CIDs00003804	Prestwick_517	CC1CC=CC=CC(C(CC(C(C(C(CC(=O)O1)OC(=O)C)OC)OC2C(C(C(C(O2)C)OC3CC(C(C(O3)C)OC(=O)CC(C)C)(C)O)N(C)C)O)CC=O)C)O	1
CIDs00003822	ketanserin	C1CN(CCC1C(=O)C2=CC=C(C=C2)F)CCN3C(=O)C4=CC=CC=C4NC3=O	0
CIDs00003823	ketoconazole (KTZ	CC(=O)N1CCN(CC1)C2=CC=C(C=C2)OCC3COC(O3)(CN4C=CN=C4)C5=C(C=C(C=C5)Cl)Cl	1
CIDs00003825	ketoprofen	CC(C1=CC=CC(=C1)C(=O)C2=CC=CC=C2)C(=O)O	0
CIDs00003827	ketotifen	CN1CCC(=C2C3=C(C(=O)CC4=CC=CC=C42)SC=C3)CC1	0
CIDs00003828	khellin	CC1=CC(=O)C2=C(C3=C(C(=C2O1)OC)OC=C3)OC	0
CIDs00003830	cytokinin	C1=COC(=C1)CNC2=NC=NC3=C2NC=N3	0
CIDs00003869	labetalol	CC(CCC1=CC=CC=C1)NCC(C2=CC(=C(C=C2)O)C(=O)N)O	0
CIDs00003877	NSC760061	C1C(OC(S1)CO)N2C=CC(=NC2=O)N	0
CIDs00003878	lamotrigine	C1=CC(=C(C(=C1)Cl)Cl)C2=C(N=C(N=N2)N)N	0
CIDs00003879	lanatoside C	CC1C(C(CC(O1)OC2CCC3(C(C2)CCC4C3CC(C5(C4(CCC5C6=CC(=O)OC6)O)C)O)C)O)OC7CC(C(C(O7)C)OC8CC(C(C(O8)C)OC9C(C(C(C(O9)CO)O)O)O)OC(=O)C)O	0
CIDs00003883	lansoprazole	CC1=C(C=CN=C1CS(=O)C2=NC3=CC=CC=C3N2)OCC(F)(F)F	1
CIDs00003889	latamoxef sodium	CN1C(=NN=N1)SCC2=C(N3C(C(C3=O)(NC(=O)C(C4=CC=C(C=C4)O)C(=O)O)OC)OC2)C(=O)O	1
CIDs00003899	leflunomide	CC1=C(C=NO1)C(=O)NC2=CC=C(C=C2)C(F)(F)F	0
CIDs00003902	letrozole	C1=CC(=CC=C1C#N)C(C2=CC=C(C=C2)C#N)N3C=NC=N3	0
CIDs00003913	tetramisole	C1CSC2=NC(CN21)C3=CC=CC=C3	0
CIDs00003914	beta-site	CC(C)(C)NCC(COC1=CC=CC2=C1CCCC2=O)O	0
CIDs00003915	livocab	CC1CN(CCC1(C2=CC=CC=C2)C(=O)O)C3CCC(CC3)(C#N)C4=CC=C(C=C4)F	0
CIDs00003916	levopromazine	CC(CN1C2=CC=CC=C2SC3=C1C=C(C=C3)OC)CN(C)C	0
CIDs00003917	alpha-methylnoradrenaline	CC(C(C1=CC(=C(C=C1)O)O)O)N	0
CIDs00003926	lidoflazine	CC1=C(C(=CC=C1)C)NC(=O)CN2CCN(CC2)CCCC(C3=CC=C(C=C3)F)C4=CC=C(C=C4)F	1
CIDs00003928	lincocine	CCCC1CC(N(C1)C)C(=O)NC(C2C(C(C(C(O2)SC)O)O)O)C(C)O	1
CIDs00003929	AC1L1H12	CC(=O)NCC1CN(C(=O)O1)C2=CC(=C(C=C2)N3CCOCC3)F	1
CIDs00003936	liranaftate	CN(C1=NC(=CC=C1)OC)C(=S)OC2=CC3=C(CCCC3)C=C2	0
CIDs00003937	(S)-Lisinopril	C1CC(N(C1)C(=O)C(CCCCN)NC(CCC2=CC=CC=C2)C(=O)O)C(=O)O	0
CIDs00003948	lomefloxacin	CCN1C=C(C(=O)C2=CC(=C(C(=C21)F)N3CCNC(C3)C)F)C(=O)O	1
CIDs00003954	loperamide	CN(C)C(=O)C(CC[NH+]1CCC(CC1)(C2=CC=C(C=C2)Cl)O)(C3=CC=CC=C3)C4=CC=CC=C4	0
CIDs00003956	Lorabid	C1CC(=C(N2C1C(C2=O)NC(=O)C(C3=CC=CC=C3)N)C(=O)O)Cl	1
CIDs00003957	loratadine	CCOC(=O)N1CCC(=C2C3=C(CCC4=C2N=CC=C4)C=C(C=C3)Cl)CC1	1
CIDs00003959	lorglumide	CCCCCN(CCCCC)C(=O)C(CCC(=O)[O-])NC(=O)C1=CC(=C(C=C1)Cl)Cl	0
CIDs00003961	losartan	CCCCC1=NC(=C(N1CC2=CC=C(C=C2)C3=CC=CC=C3C4=NNN=N4)CO)Cl	0
CIDs00003962	Lovastatin-d3	CCC(C)C(=O)OC1CC(C=C2C1C(C(C=C2)C)CCC3CC(CC(=O)O3)O)C	0
CIDs00003964	loxapine	CN1CCN(CC1)C2=NC3=CC=CC=C3OC4=C2C=C(C=C4)Cl	1
CIDs00003998	mafenide acetate	C1=CC(=CC=C1CN)S(=O)(=O)N	1
CIDs00004011	maprotiline	CNCCCC12CCC(C3=CC=CC=C31)C4=CC=CC=C24	0
CIDs00004030	mebendazole	COC(=O)NC1=NC2=C(N1)C=C(C=C2)C(=O)C3=CC=CC=C3	0
CIDs00004031	mebeverine	CCN(CCCCOC(=O)C1=CC(=C(C=C1)OC)OC)C(C)CC2=CC=C(C=C2)OC	0
CIDs00004032	mecamylamine	CC1(C2CCC(C2)C1(C)NC)C	0
CIDs00004034	meclizine	CC1=CC(=CC=C1)CN2CCN(CC2)C(C3=CC=CC=C3)C4=CC=C(C=C4)Cl	1
CIDs00004036	meclofenamate	CC1=C(C(=C(C=C1)Cl)NC2=CC=CC=C2C(=O)[O-])Cl	1
CIDs00004039	centrophenoxine	CN(C)CCOC(=O)COC1=CC=C(C=C1)Cl	0
CIDs00004043	Medrifar	CC1CC2C3CCC(C3(CC(C2C4(C1=CC(=O)CC4)C)O)C)C(=O)C	0
CIDs00004044	mefenamic acid	CC1=C(C(=CC=C1)NC2=CC=CC=C2C(=O)O)C	0
CIDs00004045	mefexamide	CCN(CC)CCNC(=O)COC1=CC=C(C=C1)OC	0
CIDs00004046	Suton	C1CCNC(C1)C(C2=CC(=NC3=C2C=CC=C3C(F)(F)F)C(F)(F)F)O	1
CIDs00004048	AC1Q6OH3	CC1=CC2C(CCC3(C2CCC3(C(=O)C)OC(=O)C)C)C4(C1=CC(=O)CC4)C	0
CIDs00004049	N-methylglucamine	CNCC(C(C(C(CO)O)O)O)O	0
CIDs00004051	meloxicam	CC1=CN=C(S1)NC(=O)C2=C(C3=CC=CC=C3S(=O)(=O)N2C)[O-].[Na+]	0
CIDs00004054	memantine	CC12CC3CC(C1)(CC(C3)(C2)N)C	0
CIDs00004057	mepenzolate	C[N+]1(CCCC(C1)OC(=O)C(C2=CC=CC=C2)(C3=CC=CC=C3)O)C	0
CIDs00004059	mephenesin	CC1=CC=CC=C1OCC(CO)O	0
CIDs00004060	mephenytoin	CCC1(C(=O)N(C(=O)N1)C)C2=CC=CC=C2	0
CIDs00004062	mepivacaine	CC1=C(C(=CC=C1)C)NC(=O)C2CCCCN2C	0
CIDs00004065	meprylcaine	CCCNC(C)(C)COC(=O)C1=CC=CC=C1	0
CIDs00004068	NSC48272	C1=CC=C(C(=C1)C2=C3C=C(C(=O)C=C3OC4=C(C(=C(C=C24)Br)[O-])[Hg])Br)C(=O)[O-].O	1
CIDs00004075	mesalazine	C1=CC(=C(C=C1N)C(=O)O)O	0
CIDs00004080	EE3ME	CC12CCC3C(C1CCC2(C#C)O)CCC4=C3C=CC(=C4)OC	0
CIDs00004086	metaproterenol	CC(C)NCC(C1=CC(=CC(=C1)O)O)O	0
CIDs00004087	C9H13NO2	CC(C(C1=CC(=CC=C1)O)O)N	0
CIDs00004090	AC1L1HE1	CN1CC(CC2C1CC3=CN(C4=CC=CC2=C34)C)CNC(=O)OCC5=CC=CC=C5	0
CIDs00004091	metformin	CN(C)C(=N)N=C(N)N	0
CIDs00004097	banthine	CC[N+](C)(CC)CCOC(=O)C1C2=CC=CC=C2OC3=CC=CC=C13	0
CIDs00004098	histidyl	CN(C)CCN(CC1=CC=CS1)C2=CC=CC=N2	0
CIDs00004101	methenamine silver	C1N2CN3CN1CN(C2)C3	0
CIDs00004106	methiothepin	CN1CCN(CC1)C2CC3=CC=CC=C3SC4=C2C=C(C=C4)SC	1
CIDs00004107	methocarbamol	COC1=CC=CC=C1OCC(COC(=O)N)O	0
CIDs00004112	methotrexate polyglutamate	CN(CC1=CN=C2C(=N1)C(=NC(=N2)N)N)C3=CC=C(C=C3)C(=O)NC(CCC(=O)O)C(=O)O	1
CIDs00004122	nocodazole	COC(=O)NC1=NC2=C(N1)C=C(C=C2)C(=O)C3=CC=CS3	0
CIDs00004135	diaparene	CC1=C(C=CC(=C1)C(C)(C)CC(C)(C)C)OCCOCC[N+](C)(C)CC2=CC=CC=C2	1
CIDs00004138	methyldopa	CC(CC1=CC(=C(C=C1)O)O)(C(=O)O)N	0
CIDs00004140	NSC186067	CCC(CO)NC(=O)C1CN(C2CC3=CNC4=CC=CC(=C34)C2=C1)C	0
CIDs00004159	Medrol	CC1CC2C3CCC(C3(CC(C2C4(C1=CC(=O)C=C4)C)O)C)(C(=O)CO)O	0
CIDs00004165	meticrane	CC1=C(C=C2C(=C1)CCCS2(=O)=O)S(=O)(=O)N	0
CIDs00004167	tREST	CN1CCCC(C1)CC2C3=CC=CC=C3SC4=CC=CC=C24	1
CIDs00004168	metoclopramide	CCN(CC)CCNC(=O)C1=CC(=C(C=C1OC)N)Cl	0
CIDs00004170	metolazone	CC1NC2=CC(=C(C=C2C(=O)N1C3=CC=CC=C3C)S(=O)(=O)N)Cl	0
CIDs00004171	metoprolol	CC(C)NCC(COC1=CC=C(C=C1)CCOC)O	0
CIDs00004173	metronidazole	CC1=NC=C(N1CCO)[N+](=O)[O-]	1
CIDs00004174	metyrapone	CC(C)(C1=CN=CC=C1)C(=O)C2=CN=CC=C2	0
CIDs00004178	mexiletine	CC1=C(C(=CC=C1)C)OCC(C)N	0
CIDs00004184	mianserin	CN1CCN2C(C1)C3=CC=CC=C3CC4=CC=CC=C42	0
CIDs00004189	miconazole	C1=CC(=C(C=C1Cl)Cl)COC(CN2C=CN=C2)C3=C(C=C(C=C3)Cl)Cl	1
CIDs00004195	midodrine	COC1=CC(=C(C=C1)OC)C(CNC(=O)CN)O	0
CIDs00004196	Mifepristone-d3	CC#CC1(CCC2C1(CC(C3=C4CCC(=O)C=C4CCC23)C5=CC=C(C=C5)N(C)C)C)O	0
CIDs00004197	milrinone	CC1=C(C=C(C(=O)N1)C#N)C2=CC=NC=C2	0
CIDs00004199	minaprine	CC1=CC(=NN=C1NCCN2CCOCC2)C3=CC=CC=C3	0
CIDs00004201	minoxidil	C1CCN(CC1)C2=NC(=N)N(C(=C2)N)O	0
CIDs00004205	mirtazapine	CN1CCN2C(C1)C3=CC=CC=C3CC4=C2N=CC=C4	0
CIDs00004211	mitotane	C1=CC=C(C(=C1)C(C2=CC=C(C=C2)Cl)C(Cl)Cl)Cl	0
CIDs00004212	mitoxantrone	C1=CC(=C2C(=C1NCCNCCO)C(=O)C3=C(C=CC(=C3C2=O)O)O)NCCNCCO	0
CIDs00004235	moclobemide	C1COCCN1CCNC(=O)C2=CC=C(C=C2)Cl	0
CIDs00004236	modafinil	C1=CC=C(C=C1)C(C2=CC=CC=C2)S(=O)CC(=O)N	0
CIDs00004238	molsidomine	CCOC(=NC1=C[N+](=NO1)N2CCOCC2)[O-]	0
CIDs00004240	Mometasone Furoate-d3	CC1CC2C3CCC4=CC(=O)C=CC4(C3(C(CC2(C1(C(=O)CCl)OC(=O)C5=CC=CO5)C)O)Cl)C	0
CIDs00004242	NSC-343257	CCC1(CCC(O1)C2(CCC3(O2)CC(C(C(O3)C(C)C(C(C)C(=O)[O-])OC)C)O)C)C4C(CC(O4)C5C(CC(C(O5)(CO)O)C)C)C	1
CIDs00004248	AC1L1HQM	CC(C)(C1=CC=CC=C1CCC(C2=CC=CC(=C2)C=CC3=NC4=C(C=CC(=C4)Cl)C=C3)SCC5(CC5)CC(=O)O)O	1
CIDs00004250	AC1O8PV1	CC1=C(SC=C1)C=CC2=NCCCN2C	0
CIDs00004259	C08054	COC1=C2C(=CC(=C1N3CC4CCCNC4C3)F)C(=O)C(=CN2C5CC5)C(=O)O	1
CIDs00004260	thymoxamine	CC1=CC(=C(C=C1OC(=O)C)C(C)C)OCCN(C)C	0
CIDs00004380	clorgyline	CN(CCCOC1=C(C=C(C=C1)Cl)Cl)CC#C	0
CIDs00004409	nabumetone	CC(=O)CCC1=CC2=C(C=C1)C=C(C=C2)OC	0
CIDs00004410	nadifloxacin	CC1CCC2=C3N1C=C(C(=O)C3=CC(=C2N4CCC(CC4)O)F)C(=O)O	1
CIDs00004411	AC1L1I3V	CC(C)(C)NCC(COC1=CC=CC2=C1CC(C(C2)O)O)O	0
CIDs00004417	naftidrofuryl	CCN(CC)CCOC(=O)C(CC1CCCO1)CC2=CC=CC3=CC=CC=C32	0
CIDs00004418	naftopidil	COC1=CC=CC=C1N2CCN(CC2)CC(COC3=CC=CC4=CC=CC=C43)O	0
CIDs00004419	AC1L1I4J	C1CC(C1)CN2CCC34C5C(CCC3(C2CC6=C4C(=C(C=C6)O)O5)O)O	0
CIDs00004421	nalidixic acid	CCN1C=C(C(=O)C2=C1N=C(C=C2)C)C(=O)O	1
CIDs00004422	nalmefene HCl	C=C1CCC2(C3CC4=C5C2(C1OC5=C(C=C4)O)CCN3CC6CC6)O	0
CIDs00004425	Naloxone-d5	C=CCN1CCC23C4C(=O)CCC2(C1CC5=C3C(=C(C=C5)O)O4)O	0
CIDs00004428	naltrexone HCl	C1CC1CN2CCC34C5C(=O)CCC3(C2CC6=C4C(=C(C=C6)O)O5)O	0
CIDs00004436	all clear	C1CN=C(N1)CC2=CC=CC3=CC=CC=C32	0
CIDs00004449	nefazodone	CCC1=NN(C(=O)N1CCOC2=CC=CC=C2)CCCN3CCN(CC3)C4=CC(=CC=C4)Cl	0
CIDs00004450	nefopam	CN1CCOC(C2=CC=CC=C2C1)C3=CC=CC=C3	0
CIDs00004454	Neosporin	C1C(C(C(C(C1N)OC2C(C(C(C(O2)CN)O)O)N)OC3C(C(C(O3)CO)OC4C(C(C(C(O4)CN)O)O)N)O)O)N	0
CIDs00004456	neostigmine	CN(C)C(=O)OC1=CC=CC(=C1)[N+](C)(C)C	0
CIDs00004472	nialamide	C1=CC=C(C=C1)CNC(=O)CCNNC(=O)C2=CC=NC=C2	0
CIDs00004473	nicardipine	CC1=C(C(C(=C(N1)C)C(=O)OCC[NH+](C)CC2=CC=CC=C2)C3=CC(=CC=C3)[N+](=O)[O-])C(=O)OC	0
CIDs00004475	NSC150531	CN1CC(CC2(C1CC3=CN(C4=CC=CC2=C34)C)OC)COC(=O)C5=CC(=CN=C5)Br	0
CIDs00004477	niclosamide	C1=CC(=C(C=C1[N+](=O)[O-])Cl)NC(=O)C2=C(C=CC(=C2)Cl)O	1
CIDs00004485	nifedipine	CC1=C(C(C(=C(N1)C)C(=O)OC)C2=CC=CC=C2[N+](=O)[O-])C(=O)OC	0
CIDs00004487	nifenazone	CC1=C(C(=O)N(N1C)C2=CC=CC=C2)NC(=O)C3=CN=CC=C3	0
CIDs00004488	niflumic acid	C1=CC(=CC(=C1)NC2=C(C=CC=N2)C(=O)O)C(F)(F)F	0
CIDs00004493	nilutamide	CC1(C(=O)N(C(=O)N1)C2=CC(=C(C=C2)[N+](=O)[O-])C(F)(F)F)C	0
CIDs00004494	nilvadipine	CC1=C(C(C(=C(N1)C#N)C(=O)OC)C2=CC(=CC=C2)[N+](=O)[O-])C(=O)OC(C)C	0
CIDs00004495	nimesulide	CS(=O)(=O)NC1=C(C=C(C=C1)[N+](=O)[O-])OC2=CC=CC=C2	0
CIDs00004497	nimodipine	CC1=C(C(C(=C(N1)C)C(=O)OC(C)C)C2=CC(=CC=C2)[N+](=O)[O-])C(=O)OCCOC	0
CIDs00004499	nisoldipine	CC1=C(C(C(=C(N1)C)C(=O)OCC(C)C)C2=CC=CC=C2[N+](=O)[O-])C(=O)OC	0
CIDs00004500	nisoxetine	CNCCC(C1=CC=CC=C1)OC2=CC=CC=C2OC	0
CIDs00004507	nitrendipine	CCOC(=O)C1=C(NC(=C(C1C2=CC(=CC=C2)[N+](=O)[O-])C(=O)OC)C)C	0
CIDs00004509	AC1L1IBS	C1C(=O)NC(=O)N1N=CC2=CC=C(O2)[N+](=O)[O-]	1
CIDs00004513	AC1L1IC1	CNC(=C[N+](=O)[O-])NCCSCC1=CSC(=N1)CN(C)C	0
CIDs00004528	nomifensine	CN1CC(C2=C(C1)C(=CC=C2)N)C3=CC=CC=C3	0
CIDs00004536	NSC9564	CC12CCC3C(C1CCC2(C#C)O)CCC4=CC(=O)CCC34	0
CIDs00004537	NSC15432	CC12CCC3C(C1CCC2(C#C)O)CCC4=C3CCC(=O)C4	0
CIDs00004539	norfloxacin	CCN1C=C(C(=O)C2=CC(=C(C=C21)N3CCNCC3)F)C(=O)O	1
CIDs00004542	norgestrelum	CCC12CCC3C(C1CCC2(C#C)O)CCC4=CC(=O)CCC34	0
CIDs00004543	nortriptyline	CNCCC=C1C2=CC=CC=C2CCC3=CC=CC=C31	0
CIDs00004545	sodium novobiocin	CC1=C(C=CC2=C1OC(=C(C2=O)NC(=O)C3=CC(=C(C=C3)O)CC=C(C)C)[O-])OC4C(C(C(C(O4)(C)C)OC)OC(=O)N)O	1
CIDs00004547	(-)-repaglinide	CCOC1=C(C=CC(=C1)CC(=O)NC(CC(C)C)C2=CC=CC=C2N3CCCCC3)C(=O)O	0
CIDs00004567	nylidrin	CC(CCC1=CC=CC=C1)NC(C)C(C2=CC=C(C=C2)O)O	0
CIDs00004568	AC1L1IGG	CC1C=CC=CCCC=CC=CC=CC=CC(CC2C(C(CC(O2)(CC(C(CCC(CC(CC(CC(=O)OC(C(C1O)C)C)O)O)O)O)O)O)O)C(=O)O)OC3C(C(C(C(O3)C)O)N)O	0
CIDs00004581	octopamine	C1=CC(=CC=C1C(CN)O)O	0
CIDs00004583	ofloxacin	CC1COC2=C3N1C=C(C(=O)C3=CC(=C2N4CCN(CC4)C)F)C(=O)O	1
CIDs00004585	olanzapine	CC1=CC2=C(NC3=CC=CC=C3N=C2S1)N4CCN(CC4)C	0
CIDs00004594	omeprazole	CC1=CN=C(C(=C1OC)C)CS(=O)C2=NC3=C(N2)C=C(C=C3)OC	1
CIDs00004595	ondansetron	CC1=NC=CN1CC2CCC3=C(C2=O)C4=CC=CC=C4N3C	0
CIDs00004601	orphenadrine	CC1=CC=CC=C1C(C2=CC=CC=C2)OCCN(C)C	0
CIDs00004607	bactocill	CC1=C(C(=NO1)C2=CC=CC=C2)C(=O)NC3C4N(C3=O)C(C(S4)(C)C)C(=O)[O-]	1
CIDs00004614	oxaprozin	C1=CC=C(C=C1)C2=C(OC(=N2)CCC(=O)O)C3=CC=CC=C3	0
CIDs00004621	oxethazaine	CC(C)(CC1=CC=CC=C1)N(C)C(=O)CN(CCO)CC(=O)N(C)C(C)(C)CC2=CC=CC=C2	1
CIDs00004622	oxibendazole	CCCOC1=CC2=C(C=C1)N=C(N2)NC(=O)OC	0
CIDs00004623	AC1L2HU6	C1=CC(=C(C=C1Cl)Cl)CON=C(CN2C=CN=C2)C3=C(C=C(C=C3)Cl)Cl	1
CIDs00004628	oxolinic	CCN1C=C(C(=O)C2=CC3=C(C=C21)OCO3)C(=O)O	1
CIDs00004631	oxprenolol	CC(C)NCC(COC1=CC=CC=C1OCC=C)O	0
CIDs00004632	benzophenone-3	COC1=CC(=C(C=C1)C(=O)C2=CC=CC=C2)O	0
CIDs00004633	oxybuprocaine	CCCCOC1=C(C=CC(=C1)C(=O)OCCN(CC)CC)N	0
CIDs00004634	oxybutynin	CCN(CC)CC#CCOC(=O)C(C1CCCCC1)(C2=CC=CC=C2)O	0
CIDs00004636	oxymetazoline	CC1=CC(=C(C(=C1CC2=NCCN2)C)O)C(C)(C)C	0
CIDs00004641	oxyphenbutazone	CCCCC1C(=O)N(N(C1=O)C2=CC=C(C=C2)O)C3=CC=CC=C3	0
CIDs00004646	4) ozagrel	C1=CC(=CC=C1CN2C=CN=C2)C=CC(=O)O	0
CIDs00004649	APAs	C1=CC(=C(C=C1N)O)C(=O)O	0
CIDs00004666	taxol	CC1=C2C(C(=O)C3(C(CC4C(C3C(C(C2(C)C)(CC1OC(=O)C(C(C5=CC=CC=C5)NC(=O)C6=CC=CC=C6)O)O)OC(=O)C7=CC=CC=C7)(CO4)OC(=O)C)O)C)OC(=O)C	0
CIDs00004675	NSC-293162	CC(=O)OC1CC2CCC3C(C2(CC1[N+]4(CCCCC4)C)C)CCC5(C3CC(C5OC(=O)C)[N+]6(CCCCC6)C)C	0
CIDs00004678	panthenol	CC(C)(CO)C(C(=O)NCCCO)O	0
CIDs00004680	papaverine	COC1=C(C=C(C=C1)CC2=NC=CC3=CC(=C(C=C32)OC)OC)OC	0
CIDs00004688	pargyline	CN(CC#C)CC1=CC=CC=C1	0
CIDs00004689	paromomycin sulphate	C1C(C(C(C(C1N)OC2C(C(C(C(O2)CO)O)O)N)OC3C(C(C(O3)CO)OC4C(C(C(C(O4)CN)O)O)N)O)O)N	0
CIDs00004691	1596B	C1CNCC(C1C2=CC=C(C=C2)F)COC3=CC4=C(C=C3)OCO4	0
CIDs00004692	NSC157035	CC1=CCCC2(C(O2)C3C(CC1)C(=C)C(=O)O3)C	0
CIDs00004724	asperflavin	CC(C)(C)NCC(COC1=CC=CC=C1C2CCCC2)O	0
CIDs00004725	penciclovir	C1=NC2=C(N1CCC(CO)CO)NC(=NC2=O)N	0
CIDs00004727	DL-penicillamine	CC(C)(C(C(=O)O)N)S	0
CIDs00004737	pentobarbital	CCCC(C)C1(C(=O)NC(=O)NC1=O)CC	0
CIDs00004740	pentoxifylline	CC(=O)CCCCN1C(=O)C2=C(N=CN2C)N(C1=O)C	0
CIDs00004742	Ahpatinin C	CC(C)CC(C(CC(=O)O)O)NC(=O)C(C)NC(=O)CC(C(CC(C)C)NC(=O)C(C(C)C)NC(=O)C(C(C)C)NC(=O)CC(C)C)O	0
CIDs00004745	TNP00315	CCCN1CC(CC2C1CC3=CNC4=CC=CC2=C34)CSC	0
CIDs00004746	perhexiline	C1CCC(CC1)C(CC2CCCCN2)C3CCCCC3	1
CIDs00004748	perphenazine	C1CN(CCN1CCCN2C3=CC=CC=C3SC4=C2C=C(C=C4)Cl)CCO	1
CIDs00004754	phenacetin	CCOC1=CC=C(C=C1)NC(=O)C	0
CIDs00004756	phenazopyridine	C1=CC=C(C=C1)N=NC2=C(N=C(C=C2)N)N	0
CIDs00004758	phenoxyethylpenicillin	CC(C(=O)NC1C2N(C1=O)C(C(S2)(C)C)C(=O)[O-])OC3=CC=CC=C3	1
CIDs00004760	phenindione	C1=CC=C(C=C1)C2C(=O)C3=CC=CC=C3C2=O	0
CIDs00004761	pheniramine	CN(C)CCC(C1=CC=CC=C1)C2=CC=CC=N2	0
CIDs00004768	phenoxybenzamine	CC(COC1=CC=CC=C1)N(CCCl)CC2=CC=CC=C2	0
CIDs00004771	phentermine	CC(C)(CC1=CC=CC=C1)N	0
CIDs00004781	phenylbutazone	CCCCC1C(=O)N(N(C1=O)C2=CC=CC=C2)C3=CC=CC=C3	0
CIDs00004786	phenylpropanolamine	CC(C(C1=CC=CC=C1)O)N	0
CIDs00004806	sulfathalidine	C1=CC=C(C(=C1)C(=O)NC2=CC=C(C=C2)S(=O)(=O)NC3=NC=CS3)C(=O)O	0
CIDs00004810	moxonidine	CC1=NC(=C(C(=N1)Cl)NC2=NCCN2)OC	0
CIDs00004811	physostigmin	CC12CCN(C1N(C3=C2C=C(C=C3)OC(=O)NC)C)C	0
CIDs00004814	picotamide	COC1=C(C=C(C=C1)C(=O)NCC2=CN=CC=C2)C(=O)NCC3=CN=CC=C3	0
CIDs00004816	picrotoxinine	CC(=C)C1C2C3C4(C(C1C(=O)O2)(CC5C4(O5)C(=O)O3)O)C	0
CIDs00004819	pilocarpine-	CCC1C(COC1=O)CC2=CN=CN2C	0
CIDs00004822	pimethixene	CN1CCC(=C2C3=CC=CC=C3SC4=CC=CC=C42)CC1	1
CIDs00004826	pinacidil	CC(C(C)(C)C)N=C(NC#N)NC1=CC=NC=C1	0
CIDs00004828	pindolol	CC(C)NCC(COC1=CC=CC2=C1C=CN2)O	0
CIDs00004829	pioglitazone	CCC1=CN=C(C=C1)CCOC2=CC=C(C=C2)CC3C(=O)NC(=O)S3	0
CIDs00004831	pipemidic acid	CCN1C=C(C(=O)C2=CN=C(N=C21)N3CCNCC3)C(=O)O	0
CIDs00004832	pipenzolate bromide	CC[N+]1(CCCC(C1)OC(=O)C(C2=CC=CC=C2)(C3=CC=CC=C3)O)C	0
CIDs00004834	A-8817	CCN1CCN(C(=O)C1=O)C(=O)NC(C2=CC=CC=C2)C(=O)NC3C4N(C3=O)C(C(S4)(C)C)C(=O)[O-]	1
CIDs00004836	AC1L1J2B	CC1(C(N2C(S1(=O)=O)CC2=O)C(=O)O)CN3C=CN=N3	1
CIDs00004839	Dactil	CCN1CCCC(C1)OC(=O)C(C2=CC=CC=C2)C3=CC=CC=C3	0
CIDs00004843	piracetam	C1CC(=O)N(C1)CC(=O)N	0
CIDs00004847	pirenperone	CC1=C(C(=O)N2C=CC=CC2=N1)CCN3CCC(CC3)C(=O)C4=CC=C(C=C4)F	0
CIDs00004848	pirenzepine	CN1CCN(CC1)CC(=O)N2C3=CC=CC=C3C(=O)NC4=C2N=CC=C4	0
CIDs00004849	piretanide	C1CCN(C1)C2=C(C(=CC(=C2)C(=O)O)S(=O)(=O)N)OC3=CC=CC=C3	0
CIDs00004850	piribedil	C1CN(CCN1CC2=CC3=C(C=C2)OCO3)C4=NC=CC=N4	0
CIDs00004855	piromidic acid	CCN1C=C(C(=O)C2=CN=C(N=C21)N3CCCC3)C(=O)O	0
CIDs00004857	AC1Q68K2	CC1(C(N2C(S1)C(C2=O)N=CN3CCCCCC3)C(=O)OCOC(=O)C(C)(C)C)C	0
CIDs00004865	AC1L1J4Q	COC1=CC(=CC(=C1OC)OC)C2C3C(COC3=O)C(C4=CC5=C(C=C24)OCO5)O	0
CIDs00004872	AC1L1J5B	CC12CCC(=O)C=C1C=CC3C2CCC4(C3CCC4(CCC(=O)O)O)C	0
CIDs00004883	practolol	CC(C)NCC(COC1=CC=C(C=C1)NC(=O)C)O	0
CIDs00004885	AC1L3P1T	CCCNC1CCC2=C(C1)SC(=N2)N	0
CIDs00004886	pramoxine	CCCCOC1=CC=C(C=C1)OCCCN2CCOCC2	0
CIDs00004887	pranlukast	C1=CC=C(C=C1)CCCCOC2=CC=C(C=C2)C(=O)NC3=CC=CC4=C3OC(=CC4=O)C5=NNN=N5	0
CIDs00004888	pranoprofen	CC(C1=CC2=C(C=C1)OC3=C(C2)C=CC=N3)C(=O)O	0
CIDs00004889	AC1L1J6H	CCC(C)C(=O)OC1CC(C=C2C1C(C(C=C2)C)CCC(CC(CC(=O)O)O)O)O	0
CIDs00004891	praziquantel	C1CCC(CC1)C(=O)N2CC3C4=CC=CC=C4CCN3C(=O)C2	0
CIDs00004893	prazosin	COC1=C(C=C2C(=C1)C(=NC(=N2)N3CCN(CC3)C(=O)C4=CC=CO4)N)OC	0
CIDs00004894	AC1L1J6W	CC12CC(C3C(C1CCC2(C(=O)CO)O)CCC4=CC(=O)C=CC34C)O	0
CIDs00004900	DeltaE	CC12CC(=O)C3C(C1CCC2(C(=O)CO)O)CCC4=CC(=O)C=CC34C	0
CIDs00004904	pridinol mesylate	C1CCN(CC1)CCC(C2=CC=CC=C2)(C3=CC=CC=C3)O	0
CIDs00004906	prilocaine	CCCNC(C)C(=O)NC1=CC=CC=C1C	0
CIDs00004908	primaquine	CC(CCCN)NC1=C2C(=CC(=C1)OC)C=CC=N2	0
CIDs00004909	primidone	CCC1(C(=O)NCNC1=O)C2=CC=CC=C2	0
CIDs00004910	SKF-525A	CCCC(C1=CC=CC=C1)(C2=CC=CC=C2)C(=O)OCCN(CC)CC	1
CIDs00004911	probenecid	CCCN(CCC)S(=O)(=O)C1=CC=C(C=C1)C(=O)O	0
CIDs00004912	probucol	CC(C)(C)C1=CC(=CC(=C1O)C(C)(C)C)SC(C)(C)SC2=CC(=C(C(=C2)C(C)(C)C)O)C(C)(C)C	0
CIDs00004913	procainamide	CCN(CC)CCNC(=O)C1=CC=C(C=C1)N	0
CIDs00004914	procaine	CCN(CC)CCOC(=O)C1=CC=C(C=C1)N	0
CIDs00004915	procarbazine	CC(C)NC(=O)C1=CC=C(C=C1)CNNC	0
CIDs00004917	prochlorperazine	CN1CCN(CC1)CCCN2C3=CC=CC=C3SC4=C2C=C(C=C4)Cl	1
CIDs00004919	procyclidine	C1CCC(CC1)C(CCN2CCCC2)(C3=CC=CC=C3)O	0
CIDs00004920	pregn-4-ene-3,20-dione	CC(=O)C1CCC2C1(CCC3C2CCC4=CC(=O)CCC34C)C	0
CIDs00004922	proglumide	CCCN(CCC)C(=O)C(CCC(=O)O)NC(=O)C1=CC=CC=C1	0
CIDs00004923	proguanil (chloroguanide	CC(C)N=C(N)N=C(N)NC1=CC=C(C=C1)Cl	0
CIDs00004926	promazine	CN(C)CCCN1C2=CC=CC=C2SC3=CC=CC=C31	1
CIDs00004927	promethazine	CC(CN1C2=CC=CC=C2SC3=CC=CC=C31)N(C)C	1
CIDs00004930	pronethalol	CC(C)NCC(C1=CC2=CC=CC=C2C=C1)O	0
CIDs00004932	propafenone	CCCNCC(COC1=CC=CC=C1C(=O)CCC2=CC=CC=C2)O	0
CIDs00004934	propantheline	CC(C)[N+](C)(CCOC(=O)C1C2=CC=CC=C2OC3=CC=CC=C13)C(C)C	0
CIDs00004935	proparacaine	CCCOC1=C(C=C(C=C1)C(=O)OCCN(CC)CC)N	0
CIDs00004939	propidium iodide	CC[N+](C)(CC)CCC[N+]1=C2C=C(C=CC2=C3C=CC(=CC3=C1C4=CC=CC=C4)N)N	1
CIDs00004943	propofol	CC(C)C1=C(C(=CC=C1)C(C)C)O	0
CIDs00004946	propranolol	CC(C)NCC(COC1=CC=CC2=CC=CC=C21)O	0
CIDs00004951	Proszine	CC1C(C(C(C(O1)OC2CCC3(C4CCC5(C(CCC5(C4CCC3=C2)O)C6=COC(=O)C=C6)C)C)O)O)O	0
CIDs00004976	protriptyline	CNCCCC1C2=CC=CC=C2C=CC3=CC=CC=C13	1
CIDs00004989	AC1O8PVM	CN1CCCN=C1C=CC2=CC=CS2	0
CIDs00004991	pyridostigmine	C[N+]1=CC=CC(=C1)OC(=O)N(C)C	0
CIDs00004992	mepyramine	CN(C)CCN(CC1=CC=C(C=C1)OC)C2=CC=CC=N2	0
CIDs00004993	pyrimethamine	CCC1=C(C(=NC(=N1)N)N)C2=CC=C(C=C2)Cl	1
CIDs00004994	pyrithyldione	CCC1(C(=O)C=CNC1=O)CC	0
CIDs00005002	quetiapine	C1CN(CCN1CCOCCO)C2=NC3=CC=CC=C3SC4=CC=CC=C42	0
CIDs00005005	KS-1100	CCOC(=O)C(CCC1=CC=CC=C1)NC(C)C(=O)N2CC3=CC=CC=C3CC2C(=O)O	0
CIDs00005011	quipazine	C1CN(CCN1)C2=NC3=CC=CC=C3C=C2	0
CIDs00005029	rabeprazole	CC1=C(C=CN=C1CS(=O)C2=NC3=CC=CC=C3N2)OCCCOC	1
CIDs00005035	raloxifene	C1CCN(CC1)CCOC2=CC=C(C=C2)C(=O)C3=C(SC4=C3C=CC(=C4)O)C5=CC=C(C=C5)O	0
CIDs00005037	isopyrine	CC1=C(C(=O)N(N1C)C2=CC=CC=C2)NC(C)C	0
CIDs00005038	Corpril	CCOC(=O)C(CCC1=CC=CC=C1)NC(C)C(=O)N2C3CCCC3CC2C(=O)O	0
CIDs00005039	Noctone	CNC(=C[N+](=O)[O-])NCCSCC1=CC=C(O1)CN(C)C	0
CIDs00005042	rebamipide	C1=CC=C2C(=C1)C(=CC(=O)N2)CC(C(=O)O)NC(=O)C3=CC=C(C=C3)Cl	0
CIDs00005052	HYGROTON-RESERPINE	COC1C(CC2CN3CCC4=C(C3CC2C1C(=O)OC)NC5=C4C=CC(=C5)OC)OC(=O)C6=CC(=C(C(=C6)OC)OC)OC	0
CIDs00005064	NSC-163039	C1=NC(=NN1C2C(C(C(O2)CO)O)O)C(=O)N	0
CIDs00005066	NSC236658	C1C(C(C(C(C1N)OC2C(C(C(C(O2)CN)O)O)N)OC3C(C(C(O3)CO)O)O)O)N	0
CIDs00005070	riluzole	C1=CC2=C(C=C1OC(F)(F)F)SC(=N2)N	0
CIDs00005071	rimantadine	CC(C12CC3CC(C1)CC(C3)C2)N	0
CIDs00005073	risperidone	CC1=C(C(=O)N2CCCCC2=N1)CCN3CCC(CC3)C4=NOC5=C4C=CC(=C5)F	0
CIDs00005077	AC1L1JK6	CCN(C)C(=O)OC1=CC=CC(=C1)C(C)N(C)C	0
CIDs00005090	rofecoxib	CS(=O)(=O)C1=CC=C(C=C1)C2=C(C(=O)OC2)C3=CC=CC=C3	0
CIDs00005092	rolipram	COC1=C(C=C(C=C1)C2CC(=O)NC2)OC3CCCC3	0
CIDs00005094	ronidazole	CN1C(=CN=C1COC(=O)N)[N+](=O)[O-]	1
CIDs00005095	ropinirole	CCCN(CCC)CCC1=C2CC(=O)NC2=CC=C1	0
CIDs00005105	roxatidine	CC(=O)OCC(=O)NCCCOC1=CC=CC(=C1)CN2CCCCC2	0
CIDs00005106	AC1L1H8O	CCC1C(C(C(C(=NOCOCCOC)C(CC(C(C(C(C(C(=O)O1)C)OC2CC(C(C(O2)C)O)(C)OC)C)OC3C(C(CC(O3)C)N(C)C)O)(C)O)C)C)O)(C)O	1
CIDs00005118	AC1L1JND	CCN1CCCC1CNC(=O)C2=C(C(=CC(=C2OC)Cl)Cl)O	0
CIDs00005152	salmeterol	C1=CC=C(C=C1)CCCCOCCCCCCNCC(C2=CC(=C(C=C2)O)CO)O	0
CIDs00005155	stavudine (d4T	CC1=CN(C(=O)NC1=O)C2C=CC(O2)CO	0
CIDs00005184	scopolamine hydrobromide	CN1C2CC(CC1C3C2O3)OC(=O)C(CO)C4=CC=CC=C4	0
CIDs00005195	deprenil	CC(CC1=CC=CC=C1)N(C)CC#C	0
CIDs00005202	serotonine	C1=CC2=C(C=C1O)C(=CN2)CCN	0
CIDs00005203	sertraline hydrochloride	CNC1CCC(C2=CC=CC=C12)C3=CC(=C(C=C3)Cl)Cl	0
CIDs00005210	sibutramine	CC(C)CC(C1(CCC1)C2=CC=C(C=C2)Cl)N(C)C	0
CIDs00005212	sildenafil	CCCC1=NN(C2=C1NC(=NC2=O)C3=C(C=CC(=C3)S(=O)(=O)N4CCN(CC4)C)OCC)C	0
CIDs00005215	sulfadiazine	C1=CN=C(N=C1)NS(=O)(=O)C2=CC=C(C=C2)N	0
CIDs00005224	NSC182856	CC1(COC(C(C1NC)O)OC2C(CC(C(C2O)OC3C(CC=C(O3)CN)N)N)N)O	0
CIDs00005253	sotalol	CC(C)NCC(C1=CC=C(C=C1)NS(=O)(=O)C)O	0
CIDs00005257	AC1Q4N67	CC1CN(CC(N1)C)C2=C(C3=C(C(=C2F)N)C(=O)C(=CN3C4CC4)C(=O)O)F	1
CIDs00005265	spiperone	C1CN(CCC12C(=O)NCN2C3=CC=CC=C3)CCCC(=O)C4=CC=C(C=C4)F	0
CIDs00005266	leucomycin	CC1CC=CC=CC(C(CC(C(C(C(CC(=O)O1)O)OC)OC2C(C(C(C(O2)C)OC3CC(C(C(O3)C)O)(C)O)N(C)C)O)CC=O)C)OC4CCC(C(O4)C)N(C)C	1
CIDs00005267	Berlactone	CC(=O)SC1CC2=CC(=O)CCC2(C3C1C4CCC5(C4(CC3)C)CCC(=O)O5)C	0
CIDs00005275	gabazine (GBZ	COC1=CC=C(C=C1)C2=N[N+](=C(C=C2)N)CCCC(=O)O	0
CIDs00005277	NSC233046	CC12CCC3C(C1CCC2(C)O)CCC4C3(CC5=C(C4)NN=C5)C	1
CIDs00005291	imatinib	CC1=C(C=C(C=C1)NC(=O)C2=CC=C(C=C2)CN3CCN(CC3)C)NC4=NC=CC(=N4)C5=CN=CC=C5	0
CIDs00005297	AC1O7EO6	CC1C(C(C(O1)OC2C(C(C(C(C2O)O)N=C(N)N)O)N=C(N)N)OC3C(C(C(C(O3)CO)O)O)NC)(C=O)O	0
CIDs00005300	NSC236997	CN(C(=O)NC1C(C(C(OC1O)CO)O)O)N=O	1
CIDs00005311	vorinostat	C1=CC=C(C=C1)NC(=O)CCCCCCC(=O)NO	0
CIDs00005315	succinylsulfathiazole	C1=CC(=CC=C1NC(=O)CCC(=O)O)S(=O)(=O)NC2=NC=CS2	0
CIDs00005316	sodium sulbactam	CC1(C(N2C(S1(=O)=O)CC2=O)C(=O)O)C	1
CIDs00005318	sulconazole	C1=CC(=CC=C1CSC(CN2C=CN=C2)C3=C(C=C(C=C3)Cl)Cl)Cl	1
CIDs00005319	sulfabenzamide	C1=CC=C(C=C1)C(=O)NS(=O)(=O)C2=CC=C(C=C2)N	0
CIDs00005320	sulfacetamide	CC(=O)NS(=O)(=O)C1=CC=C(C=C1)N	0
CIDs00005323	sulfadimethoxine	COC1=NC(=NC(=C1)NS(=O)(=O)C2=CC=C(C=C2)N)OC	0
CIDs00005324	sulfaguanidine	C1=CC(=CC=C1N)S(=O)(=O)N=C(N)N	0
CIDs00005325	sulfamerazine	CC1=NC(=NC=C1)NS(=O)(=O)C2=CC=C(C=C2)N	0
CIDs00005326	Supramid	COC1=CN=C(N=C1)NS(=O)(=O)C2=CC=C(C=C2)N	0
CIDs00005327	sulfamethazine	CC1=CC(=NC(=N1)NS(=O)(=O)C2=CC=C(C=C2)N)C	0
CIDs00005328	sulfamethizole	CC1=NN=C(S1)NS(=O)(=O)C2=CC=C(C=C2)N	0
CIDs00005329	sulfamethoxazole	CC1=CC(=NO1)NS(=O)(=O)C2=CC=C(C=C2)N	0
CIDs00005330	longin	COC1=NN=C(C=C1)NS(=O)(=O)C2=CC=C(C=C2)N	0
CIDs00005332	sulfamonomethoxine	COC1=NC=NC(=C1)NS(=O)(=O)C2=CC=C(C=C2)N	0
CIDs00005333	sulfonamide	C1=CC(=CC=C1N)S(=O)(=O)N	0
CIDs00005335	sulfaphenazole	C1=CC=C(C=C1)N2C(=CC=N2)NS(=O)(=O)C3=CC=C(C=C3)N	0
CIDs00005336	sulfapyridine	C1=CC=NC(=C1)NS(=O)(=O)C2=CC=C(C=C2)N	0
CIDs00005337	anti-K	C1=CC=C2C(=C1)N=CC(=N2)[N-]S(=O)(=O)C3=CC=C(C=C3)N	0
CIDs00005340	sulfathiazole	C1=CC(=CC=C1N)S(=O)(=O)NC2=NC=CS2	0
CIDs00005342	sulfinpyrazone	C1=CC=C(C=C1)N2C(=O)C(C(=O)N2C3=CC=CC=C3)CCS(=O)C4=CC=CC=C4	0
CIDs00005344	sulfisoxazole	CC1=C(ON=C1C)NS(=O)(=O)C2=CC=C(C=C2)N	0
CIDs00005352	NSAID) sulindac	CC1=C(C2=C(C1=CC3=CC=C(C=C3)S(=O)C)C=CC(=C2)F)CC(=O)O	0
CIDs00005353	sulmazole	COC1=C(C=CC(=C1)S(=O)C)C2=NC3=C(N2)C=CC=N3	0
CIDs00005354	cerebro	CCCCCCCCNC(C)C(C1=CC=C(C=C1)SC(C)C)O	1
CIDs00005355	sulpiride	CCN1CCCC1CNC(=O)C2=C(C=CC(=C2)S(=O)(=O)N)OC	0
CIDs00005358	sumatriptan	CNS(=O)(=O)CC1=CC2=C(C=C1)NC=C2CCN(C)C	0
CIDs00005359	suprofen	CC(C1=CC=C(C=C1)C(=O)C2=CC=CS2)C(=O)O	0
CIDs00005362	suxibuzone	CCCCC1(C(=O)N(N(C1=O)C2=CC=CC=C2)C3=CC=CC=C3)COC(=O)CCC(=O)O	0
CIDs00005373	AC1L1K7K	CC1(C(N2C(S1)C(C2=O)NC(=O)C(C3=CC=CC=C3)N)C(=O)OC4C5=CC=CC=C5C(=O)O4)C	1
CIDs00005376	tamoxifen	CCC(=C(C1=CC=CC=C1)C2=CC=C(C=C2)OCCN(C)C)C3=CC=CC=C3	1
CIDs00005379	gatifloxacin	CC1CN(CCN1)C2=C(C=C3C(=C2OC)N(C=C(C3=O)C(=O)O)C4CC4)F	1
CIDs00005387	telenzepine	CC1=C2C(=CS1)C(=O)NC3=CC=CC=C3N2C(=O)CN4CCN(CC4)C	0
CIDs00005394	temozolomide	CN1C(=O)N2C=NC(=C2N=N1)C(=O)N	0
CIDs00005401	terazosin	COC1=C(C=C2C(=C1)C(=NC(=N2)N3CCN(CC3)C(=O)C4CCCO4)N)OC	0
CIDs00005403	terbutaline	CC(C)(C)NCC(C1=CC(=CC(=C1)O)O)O	0
CIDs00005404	Tetrazol 7	CC(C)N1CCN(CC1)C2=CC=C(C=C2)OCC3COC(O3)(CN4C=NC=N4)C5=C(C=C(C=C5)Cl)Cl	0
CIDs00005405	terfenadine	CC(C)(C)C1=CC=C(C=C1)C(CCCN2CCC(CC2)C(C3=CC=CC=C3)(C4=CC=CC=C4)O)O	1
CIDs00005410	NSC98537	CCC(=O)OC1CCC2C1(CCC3C2CCC4=CC(=O)CCC34C)C	0
CIDs00005411	tetracaine	CCCCNC1=CC=C(C=C1)C(=O)OCCN(C)C	0
CIDs00005419	YxiN	C1CC(C2=CC=CC=C2C1)C3=NCCN3	0
CIDs00005424	tetrahydroxy-1,4-benzoquinone	C1(=C(C(=O)C(=C(C1=O)O)O)O)O	0
CIDs00005426	thalidomide	C1CC(=O)NC(=O)C1N2C(=O)C3=CC=CC=C3C2=O	0
CIDs00005429	theobromine	CN1C=NC2=C1C(=O)NC(=O)N2C	0
CIDs00005430	thiabendazole	C1=CC=C2C(=C1)NC(=N2)C3=CSC=N3	0
CIDs00005433	FRI-Col	CS(=O)(=O)C1=CC=C(C=C1)C(C(CO)NC(=O)C(Cl)Cl)O	1
CIDs00005441	AC1Q5U59	CC[Hg+].C1=CC=C(C(=C1)C(=O)[O-])[S-]	1
CIDs00005452	thioridazine	CN1CCCCC1CCN2C3=CC=CC=C3SC4=C2C=C(C=C4)SC	1
CIDs00005456	thonzonium bromide	CCCCCCCCCCCCCCCC[N+](C)(C)CCN(CC1=CC=C(C=C1)OC)C2=NC=CC=N2	1
CIDs00005467	tiapride	CCN(CC)CCNC(=O)C1=C(C=CC(=C1)S(=O)(=O)C)OC	0
CIDs00005468	tiaprofenic acid	CC(C1=CC=C(S1)C(=O)C2=CC=CC=C2)C(=O)O	0
CIDs00005470	AC1L1KF5	CC1CC2=C(CCC(=O)C2)C3C1C4CCC(C4(CC3)C)(C#C)O	0
CIDs00005471	ticarpen	CC1(C(N2C(S1)C(C2=O)NC(=O)C(C3=CSC=C3)C(=O)O)C(=O)O)C	1
CIDs00005472	ticlopidine	C1CN(CC2=C1SC=C2)CC3=CC=CC=C3Cl	0
CIDs00005478	racemic timolol	CC(C)(C)NCC(COC1=NSN=C1N2CCOCC2)O	0
CIDs00005479	tinidazole	CCS(=O)(=O)CCN1C(=NC=C1[N+](=O)[O-])C	1
CIDs00005482	tioconazole	C1=CC(=C(C=C1Cl)Cl)C(CN2C=CN=C2)OCC3=C(SC=C3)Cl	1
CIDs00005487	tizanidine	C1CN=C(N1)NC2=C(C=CC3=NSN=C32)Cl	0
CIDs00005496	Dicon	C1C(C(C(C(C1N)OC2C(C(C(C(O2)CO)O)N)O)O)OC3C(CC(C(O3)CN)O)N)N	1
CIDs00005501	todralazine	CCOC(=O)NNC1=NN=CC2=CC=CC=C21	0
CIDs00005503	tolazamide	CC1=CC=C(C=C1)S(=O)(=O)NC(=O)NN2CCCCCC2	0
CIDs00005504	tolazoline	C1CN=C(N1)CC2=CC=CC=C2	0
CIDs00005505	tolbutamide	CCCCNC(=O)NS(=O)(=O)C1=CC=C(C=C1)C	0
CIDs00005508	tolmetin	CC1=CC=C(C=C1)C(=O)C2=CC=C(N2C)CC(=O)[O-]	0
CIDs00005510	tolnaftate	CC1=CC(=CC=C1)N(C)C(=S)OC2=CC3=CC=CC=C3C=C2	1
CIDs00005514	AC1L1KIH	CC1(OC2COC3(C(C2O1)OC(O3)(C)C)COS(=O)(=O)N)C	0
CIDs00005515	Hycamtin	CCC1(C2=C(COC1=O)C(=O)N3CC4=C(C3=C2)N=C5C=CC(=C(C5=C4)CN(C)C)O)O	0
CIDs00005516	toremifene (triphenylethylenes	CN(C)CCOC1=CC=C(C=C1)C(=C(CCCl)C2=CC=CC=C2)C3=CC=CC=C3	1
CIDs00005517	tosufloxacin	C1CN(CC1N)C2=C(C=C3C(=O)C(=CN(C3=N2)C4=C(C=C(C=C4)F)F)C(=O)O)F	1
CIDs00005522	tracazolate	CCCCNC1=C2C=NN(C2=NC(=C1C(=O)OCC)C)CC	0
CIDs00005523	Ultracet	CN(C)CC1CCCCC1(C2=CC(=CC=C2)OC)O	0
CIDs00005526	tranexamic acid	C1CC(CCC1CN)C(=O)O	0
CIDs00005527	N-(3',4'-dimethoxycinnamoyl) anthranilic acid	COC1=C(C=C(C=C1)C=CC(=O)NC2=CC=CC=C2C(=O)O)OC	0
CIDs00005530	tranylcypromine	C1C(C1N)C2=CC=CC=C2	0
CIDs00005531	trapidil	CCN(CC)C1=CC(=NC2=NC=NN12)C	0
CIDs00005533	trazodone	C1CN(CCN1CCCN2C(=O)N3C=CC=CC3=N2)C4=CC(=CC=C4)Cl	0
CIDs00005534	tremorine	C1CCN(C1)CC#CCN2CCCC2	0
CIDs00005538	retinoic acid	CC1=C(C(CCC1)(C)C)C=CC(=CC=CC(=CC(=O)O)C)C	0
CIDs00005544	R1218	CC12CC(C3(C(C1CC(C2(C(=O)CO)O)O)CCC4=CC(=O)C=CC43C)F)O	0
CIDs00005546	triamterene	C1=CC=C(C=C1)C2=NC3=C(N=C2N)N=C(N=C3N)N	0
CIDs00005557	AC1L1KM2	CCOC1C(C(C(O1)C(COCC2=CC=CC=C2)OCC3=CC=CC=C3)OCC4=CC=CC=C4)O	0
CIDs00005560	trichlormethiazide	C1=C2C(=CC(=C1Cl)S(=O)(=O)N)S(=O)(=O)NC(N2)C(Cl)Cl	0
CIDs00005564	triclosan	C1=CC(=C(C=C1Cl)O)OC2=C(C=C(C=C2)Cl)Cl	1
CIDs00005566	trifluoperazine	CN1CCN(CC1)CCCN2C3=CC=CC=C3SC4=C2C=C(C=C4)C(F)(F)F	1
CIDs00005568	triflupromazine	CN(C)CCCN1C2=CC=CC=C2SC3=C1C=C(C=C3)C(F)(F)F	0
CIDs00005572	trihexyphenidyl	C1CCC(CC1)C(CCN2CCCCC2)(C3=CC=CC=C3)O	0
CIDs00005574	trimeprazine	CC(CN1C2=CC=CC=C2SC3=CC=CC=C31)CN(C)C	1
CIDs00005576	trimethadione	CC1(C(=O)N(C(=O)O1)C)C	0
CIDs00005577	TGen	CN(C)CCOC1=CC=C(C=C1)CNC(=O)C2=CC(=C(C(=C2)OC)OC)OC	0
CIDs00005578	trimethoprim	COC1=CC(=CC(=C1OC)OC)CC2=CN=C(N=C2N)N	1
CIDs00005584	trimipramine	CC(CN1C2=CC=CC=C2CCC3=CC=CC=C31)CN(C)C	0
CIDs00005585	antipsoriatic	CC1=CC(=O)OC2=C1C=C3C=C(OC3=C2C)C	0
CIDs00005587	tripelennamine	CN(C)CCN(CC1=CC=CC=C1)C2=CC=CC=N2	0
CIDs00005588	triprolidine hydrochloride	CC1=CC=C(C=C1)C(=CCN2CCCC2)C3=CC=CC=N3	0
CIDs00005591	troglitazone	CC1=C(C(=C2CCC(OC2=C1C)(C)COC3=CC=C(C=C3)CC4C(=O)NC(=O)S4)C)O	1
CIDs00005593	tropicamide	CCN(CC1=CC=NC=C1)C(=O)C(CO)C2=CC=CC=C2	0
CIDs00005595	3-tropanyl-indole-3-carboxylate	CN1C2CCC1CC(C2)OC(=O)C3=CNC4=CC=CC=C43	0
CIDs00005606	tulobuterol	CC(C)(C)NCC(C1=CC=CC=C1Cl)O	0
CIDs00005639	urapidil	CN1C(=CC(=O)N(C1=O)C)NCCCN2CCN(CC2)C3=CC=CC=C3OC	0
CIDs00005645	3alpha, 7beta-dihydroxy-5beta-cholan-24-oic acid	CC(CCC(=O)O)C1CCC2C1(CCC3C2C(CC4C3(CCC(C4)O)C)O)C	0
CIDs00005647	AC1L1KTH	CC(C)C(C(=O)OCCOCN1C=NC2=C1NC(=NC2=O)N)N	0
CIDs00005651	cyclodextrin-benzaldehyde	CC1C(C(CC(O1)OC2C(C(C(OC2OC3=C4C=C5C=C3OC6=C(C=C(C=C6)C(C(C(=O)NC(C(=O)NC5C(=O)NC7C8=CC(=C(C=C8)O)C9=C(C=C(C=C9C(NC(=O)C(C(C1=CC(=C(O4)C=C1)Cl)O)NC7=O)C(=O)O)O)O)CC(=O)N)NC(=O)C(CC(C)C)NC)O)Cl)CO)O)O)(C)N)O	1
CIDs00005656	venlafaxine	CN(C)CC(C1=CC=C(C=C1)OC)C2(CCCCC2)O	0
CIDs00005662	vesamicol	C1CCC(C(C1)N2CCC(CC2)C3=CC=CC=C3)O	0
CIDs00005665	vigabatrin	C=CC(CCC(=O)O)N	0
CIDs00005666	viloxazine	CCOC1=CC=CC=C1OCC2CNCCO2	0
CIDs00005668	16-epivincamine	CCC12CCCN3C1C4=C(CC3)C5=CC=CC=C5N4C(C2)(C(=O)OC)O	0
CIDs00005673	H2122	CCC12CCCN3C1C4=C(CC3)C5=CC=CC=C5N4C(=C2)C(=O)OCC	0
CIDs00005707	xylazine	CC1=C(C(=CC=C1)C)NC2=NCCCS2	0
CIDs00005709	xylometazoline	CC1=CC(=CC(=C1CC2=NCCN2)C)C(C)(C)C	0
CIDs00005717	zafirlukast	CC1=CC=CC=C1S(=O)(=O)NC(=O)C2=CC(=C(C=C2)CC3=CN(C4=C3C=C(C=C4)NC(=O)OC5CCCC5)C)OC	1
CIDs00005718	2',3'-dideoxycytidine (ddC	C1CC(OC1CO)N2C=CC(=NC2=O)N	0
CIDs00005719	zaleplon	CCN(C1=CC=CC(=C1)C2=CC=NC3=C(C=NN23)C#N)C(=O)C	0
CIDs00005722	zaprinast	CCCOC1=CC=CC=C1C2=NC(=O)C3=NNNC3=N2	0
CIDs00005723	zardaverine	COC1=C(C=CC(=C1)C2=NNC(=O)C=C2)OC(F)F	0
CIDs00005726	azidothymidine (AZT	CC1=CN(C(=O)NC1=O)C2CC(C(O2)CO)N=[N+]=[N-]	1
CIDs00005733	zomepirac	CC1=C(N(C(=C1)CC(=O)O)C)C(=O)C2=CC=C(C=C2)Cl	0
CIDs00005734	zonisamide	C1=CC=C2C(=C1)C(=NO2)CS(=O)(=O)N	0
CIDs00005735	zopiclone	CN1CCN(CC1)C(=O)OC2C3=NC=CN=C3C(=O)N2C4=NC=C(C=C4)Cl	0
CIDs00005736	zotepine	CN(C)CCOC1=CC2=CC=CC=C2SC3=C1C=C(C=C3)Cl	1
CIDs00005753	corticosterone	CC12CCC(=O)C=C1CCC3C2C(CC4(C3CCC4C(=O)CO)C)O	0
CIDs00005775	phentolamine	CC1=CC=C(C=C1)N(CC2=NCCN2)C3=CC(=CC=C3)O	0
CIDs00005803	TRIAC	C1=CC(=C(C=C1OC2=C(C=C(C=C2I)CC(=O)O)I)I)O	1
CIDs00005849	pentolinium	C[N+]1(CCCC1)CCCCC[N+]2(CCCC2)C.C(C(C(=O)[O-])O)(C(=O)O)O.C(C(C(=O)[O-])O)(C(=O)O)O	0
CIDs00005853	metrifonate	COP(=O)(C(C(Cl)(Cl)Cl)O)OC	0
CIDs00005857	lynestrenol	CC12CCC3C(C1CCC2(C#C)O)CCC4=CCCCC34	0
CIDs00005860	Europen	C[N+]1(C2CCC1CC(C2)OC(=O)C(CO)C3=CC=CC=C3)C.[N+](=O)([O-])[O-]	0
CIDs00005878	oxandrolone	CC12CCC3C(C1CCC2(C)O)CCC4C3(COC(=O)C4)C	0
CIDs00005902	avacan	CCN(CC)CCNC(C1=CC=CC=C1)C(=O)OCCC(C)C	0
CIDs00005917	pentylenetetrazol	C1CCC2=NN=NN2CC1	0
CIDs00005965	demecarium bromide	CN(CCCCCCCCCCN(C)C(=O)OC1=CC=CC(=C1)[N+](C)(C)C)C(=O)OC2=CC=CC(=C2)[N+](C)(C)C.[Br-].[Br-]	0
CIDs00006009	aminopyrine	CC1=C(C(=O)N(N1C)C2=CC=CC=C2)N(C)C	0
CIDs00006077	acepromazine	CC(=O)C1=CC2=C(C=C1)SC3=CC=CC=C3N2CCCN(C)C	0
CIDs00006081	methoxamine	CC(C(C1=C(C=CC(=C1)OC)OC)O)N.Cl	0
CIDs00006093	niridazole	C1CN(C(=O)N1)C2=NC=C(S2)[N+](=O)[O-]	1
CIDs00006103	zoxazolamine	C1=CC2=C(C=C1Cl)N=C(O2)N	0
CIDs00006126	diphemanil	C[N+]1(CCC(=C(C2=CC=CC=C2)C3=CC=CC=C3)CC1)C.COS(=O)(=O)[O-]	0
CIDs00006166	deoxycorticosterone	CC12CCC3C(C1CCC2C(=O)CO)CCC4=CC(=O)CCC34C	0
CIDs00006256	trifluridine	C1C(C(OC1N2C=C(C(=O)NC2=O)C(F)(F)F)CO)O	1
CIDs00006307	quinethazone	CCC1NC2=CC(=C(C=C2C(=O)N1)S(=O)(=O)N)Cl	0
CIDs00006603	pempidine	CC1(CCCC(N1C)(C)C)C	0
CIDs00006634	sulfachloropyridazine	C1=CC(=CC=C1N)S(=O)(=O)NC2=NN=C(C=C2)Cl	0
CIDs00006726	wellcome	CN1CCN(CC1)C(C2=CC=CC=C2)C3=CC=CC=C3	0
CIDs00006834	D-isomer	CN(C)CCC(C1=CC=C(C=C1)Br)C2=CC=CC=N2	0
CIDs00006839	phensuximide	CN1C(=O)CC(C1=O)C2=CC=CC=C2	0
CIDs00006843	propoxycaine	CCCOC1=C(C=CC(=C1)N)C(=O)OCCN(CC)CC	0
CIDs00006857	quinoleine	CCCCC1=CC2=CC=CC=C2C(=N1)OCCN(C)C	0
CIDs00007029	linea	CCN(CC)C(C)C(=O)C1=CC=CC=C1	0
CIDs00007172	synephrine	CNCC(C1=CC=C(C=C1)O)O	0
CIDs00007184	butylparaben	CCCCOC(=O)C1=CC=C(C=C1)O	0
CIDs00007534	eucatropine	CC1CC(CC(N1C)(C)C)OC(=O)C(C2=CC=CC=C2)O	0
CIDs00007638	monobenzone	C1=CC=C(C=C1)COC2=CC=C(C=C2)O	0
CIDs00007699	benzonatate	CCCCNC1=CC=C(C=C1)C(=O)OCCOCCOCCOCCOCCOCCOCCOCCOCCOC	0
CIDs00007741	betazole	C1=C(NN=C1)CCN	0
CIDs00008197	tetraen	C(CNCCNCCNCCN)N	0
CIDs00008249	phenformin	C1=CC=C(C=C1)CCN=C(N)N=C(N)N	0
CIDs00008362	homosalate	CC1CC(CC(C1)(C)C)OC(=O)C2=CC=CC=C2O	0
CIDs00008480	carbarsone	C1=CC(=CC=C1NC(=O)N)[As](=O)(O)O	0
CIDs00008569	2,2'-dihydroxy-4-methoxybenzophenone	COC1=CC(=C(C=C1)C(=O)C2=CC=CC=C2O)O	0
CIDs00008646	8-azaguanine	C12=NNNC1=NC(=NC2=O)N	1
CIDs00008813	diamidine	C1=CC(=CC=C1C(=N)N)OCCCCCOC2=CC=C(C=C2)C(=N)N.C(CS(=O)(=O)O)O.C(CS(=O)(=O)O)O	1
CIDs00008932	digitoxigenine	CC12CCC(CC1CCC3C2CCC4(C3(CCC4C5=CC(=O)OC5)O)C)O	0
CIDs00008982	nafcillin	CCOC1=C(C2=CC=CC=C2C=C1)C(=O)NC3C4N(C3=O)C(C(S4)(C)C)C(=O)O	1
CIDs00009363	ethamivan	CCN(CC)C(=O)C1=CC(=C(C=C1)O)OC	0
CIDs00009417	opipramol	C1CN(CCN1CCCN2C3=CC=CC=C3C=CC4=CC=CC=C42)CCO	0
CIDs00009418	dibenzepin	CN1C2=CC=CC=C2C(=O)N(C3=CC=CC=C31)CC[NH+](C)C.[Cl-]	0
CIDs00009429	thioproperazine	CN1CCN(CC1)CCCN2C3=CC=CC=C3SC4=C2C=C(C=C4)S(=O)(=O)N(C)C	0
CIDs00009433	aminophylline	CN1C2=C(C(=O)N(C1=O)C)NC=N2.CN1C2=C(C(=O)N(C1=O)C)NC=N2.C(CN)N	0
CIDs00009458	triflusal	CC(=O)OC1=C(C=CC(=C1)C(F)(F)F)C(=O)O	0
CIDs00009563	Predef	CC(=O)OCC(=O)C1(CCC2C1(CC(C3(C2CCC4=CC(=O)C=CC43C)F)O)C)O	0
CIDs00009791	androst-4-ene-3,11,17-trione	CC12CCC(=O)C=C1CCC3C2C(=O)CC4(C3CCC4=O)C	0
CIDs00009801	Segontin	CC(CC1=CC=CC=C1)NCCC(C2=CC=CC=C2)C3=CC=CC=C3	1
CIDs00009903	lithocholic acid	CC(CCC(=O)O)C1CCC2C1(CCC3C2CCC4C3(CCC(C4)O)C)C	0
CIDs00009904	nandrolone	CC12CCC3C(C1CCC2O)CCC4=CC(=O)CCC34	0
CIDs00009917	norcyclobenzaprine	CNCCC=C1C2=CC=CC=C2C=CC3=CC=CC=C31.Cl	0
CIDs00010302	salsolidine	CC1C2=CC(=C(C=C2CCN1)OC)OC	0
CIDs00010428	mevalonolactone	CC1(CCOC(=O)C1)O	0
CIDs00010660	dimenhydrinate	CN1C2=C(C(=O)N(C1=O)C)NC(=N2)Cl.CN(C)CCOC(C1=CC=CC=C1)C2=CC=CC=C2	0
CIDs00010745	acetylsalicylsalicylic acid	CC(=O)OC1=CC=CC=C1C(=O)OC2=CC=CC=C2C(=O)O	0
CIDs00010766	amylocaine	CCC(C)(CN(C)C)OC(=O)C1=CC=CC=C1.Cl	0
CIDs00010770	hexylcaine	CC(CNC1CCCCC1)OC(=O)C2=CC=CC=C2	0
CIDs00010830	diperodon	C1CCN(CC1)CC(COC(=O)NC2=CC=CC=C2)OC(=O)NC3=CC=CC=C3.Cl	0
CIDs00011289	chlorotrianisene	COC1=CC=C(C=C1)C(=C(C2=CC=C(C=C2)OC)Cl)C3=CC=C(C=C3)OC	1
CIDs00011367	diloxanide	CN(C1=CC=C(C=C1)O)C(=O)C(Cl)Cl	0
CIDs00012453	Sordinol	C1CN(CCN1CCC=C2C3=CC=CC=C3SC4=C2C=C(C=C4)Cl)CCO.Cl.Cl	1
CIDs00012550	antimycin A1	CCCCCCC1C(C(OC(=O)C(C(OC1=O)C)NC(=O)C2=C(C(=CC=C2)NC=O)O)C)OC(=O)CC(C)C	0
CIDs00012555	benzydamine	CN(C)CCCOC1=NN(C2=CC=CC=C21)CC3=CC=CC=C3	0
CIDs00013729	36355A	CC(=O)OCC1=C(N2C(C(C2=O)N)SC1)C(=O)O	1
CIDs00013738	oxolamine	CCN(CC)CCC1=NC(=NO1)C2=CC=CC=C2	0
CIDs00013764	AC1L22FD	C1=CC(=CC=C1C(=O)NN=CC2=CC=C(O2)[N+](=O)[O-])O	1
CIDs00013789	canrenone	CC12CCC(=O)C=C1C=CC3C2CCC4(C3CCC45CCC(=O)O5)C	0
CIDs00014520	AHCT	CC(=O)NC1CCSC1=O	0
CIDs00014709	dehydroepiandrosterone-acetate	CC(=O)OC1CCC2(C3CCC4(C(C3CC=C2C1)CCC4=O)C)C	0
CIDs00014973	AC1N9YT9	C1C(NC(=NC1O)N)C2C(=O)NCC(C(=O)NC(C(=O)NC(C(=O)NC(=CNC(=O)N)C(=O)N2)CO)CO)NC(=O)CC(CCCN)N	0
CIDs00015232	benzathine penicillin	CC1(C(N2C(S1)C(C2=O)NC(=O)CC3=CC=CC=C3)C(=O)O)C.CC1(C(N2C(S1)C(C2=O)NC(=O)CC3=CC=CC=C3)C(=O)O)C.C1=CC=C(C=C1)CNCCNCC2=CC=CC=C2	1
CIDs00015443	azaperone	C1CN(CCN1CCCC(=O)C2=CC=C(C=C2)F)C3=CC=CC=N3	0
CIDs00015478	digoxigenine	CC12CCC(CC1CCC3C2CC(C4(C3(CCC4C5=CC(=O)OC5)O)C)O)O	0
CIDs00015722	azacyclonol	C1CNCCC1C(C2=CC=CC=C2)(C3=CC=CC=C3)O.Cl	0
CIDs00016230	amiloride	C1(=C(N=C(C(=N1)Cl)N)N)C(=O)N=C(N)N.Cl	0
CIDs00016362	pimozide	C1CN(CCC1N2C3=CC=CC=C3NC2=O)CCCC(C4=CC=C(C=C4)F)C5=CC=C(C=C5)F	1
CIDs00016363	benperidol	C1CN(CCC1N2C3=CC=CC=C3NC2=O)CCCC(=O)C4=CC=C(C=C4)F	0
CIDs00016575	deptropine citrate	CN1C2CCC1CC(C2)OC3C4=CC=CC=C4CCC5=CC=CC=C35.C(C(=O)O)C(CC(=O)O)(C(=O)O)O	0
CIDs00017134	sulfadoxine	COC1=C(N=CN=C1OC)NS(=O)(=O)C2=CC=C(C=C2)N	0
CIDs00017276	methyldopate hydrochloride	CCOC(=O)C(C)(CC1=CC(=C(C=C1)O)O)N.Cl	0
CIDs00017506	ethamsylate	CCNCC.C1=CC(=C(C=C1O)S(=O)(=O)O)O	0
CIDs00017675	troleandomycin (TAO	CC1CC(C(C(O1)OC2C(CC3(CO3)C(=O)C(C(C(C(OC(=O)C(C(C2C)OC4CC(C(C(O4)C)OC(=O)C)OC)C)C)C)OC(=O)C)C)C)OC(=O)C)N(C)C	1
CIDs00018020	NSC70968	CC1=CC2C(CCC3(C2CC(=C)C3(C(=O)C)OC(=O)C)C)C4(C1=CC(=O)CC4)C	0
CIDs00019675	piperacetazine	CC(=O)C1=CC2=C(C=C1)SC3=CC=CC=C3N2CCCN4CCC(CC4)CCO	0
CIDs00020298	tridihexethyl chloride	CC[N+](CC)(CC)CCC(C1CCCCC1)(C2=CC=CC=C2)O.[Cl-]	0
CIDs00021109	trimetazidine	COC1=C(C(=C(C=C1)CN2CCNCC2)OC)OC	0
CIDs00022529	diazoline	CN1CCC2=C(C1)C3=CC=CC=C3N2CC4=CC=CC=C4.CN1CCC2=C(C1)C3=CC=CC=C3N2CC4=CC=CC=C4.C1=CC2=C(C=CC=C2S(=O)(=O)O)C(=C1)S(=O)(=O)O	0
CIDs00023703	ogen	CC12CCC3C(C1CCC2=O)CCC4=C3C=CC(=C4)OS(=O)(=O)O.C1CNCCN1	0
CIDs00023897	molindone	CCC1=C(NC2=C1C(=O)C(CC2)CN3CCOCC3)C	0
CIDs00024109	isometheptene mucate	CC(CCC=C(C)C)NC.C(C(C(C(=O)O)O)O)(C(C(=O)O)O)O	0
CIDs00024733	AC1L2NMW	CC(=O)OCC(=O)C1CCC2C1(CC(=O)C3C2CCC4C3(CCC(C4)O)C)C	0
CIDs00025294	chloropyramine	C[NH+](C)CCN(CC1=CC=C(C=C1)Cl)C2=CC=CC=N2.[Cl-]	0
CIDs00025419	clodronate	C(P(=O)(O)O)(P(=O)(O)O)(Cl)Cl	0
CIDs00026098	azapropazone	CCCC1C(=O)N2C3=C(C=CC(=C3)C)N=C(N2C1=O)N(C)C	0
CIDs00026248	diacerein	CC(=O)OC1=CC=CC2=C1C(=O)C3=C(C=C(C=C3C2=O)C(=O)O)OC(=O)C	1
CIDs00026533	tiletamine	CCNC1(CCCCC1=O)C2=CC=CS2	0
CIDs00026596	parbendazole	CCCCC1=CC2=C(C=C1)N=C(N2)NC(=O)OC	1
CIDs00026709	Calcort	CC1=NC2(C(O1)CC3C2(CC(C4C3CCC5=CC(=O)C=CC45C)O)C)C(=O)COC(=O)C	0
CIDs00026937	clobutinol	CC(CN(C)C)C(C)(CC1=CC=C(C=C1)Cl)O	0
CIDs00027648	iocetamic acid	CC(CN(C1=C(C=C(C(=C1I)N)I)I)C(=O)C)C(=O)O	0
CIDs00027661	isosorbide-5-mononitrate	C1C(C2C(O1)C(CO2)O[N+](=O)[O-])O	0
CIDs00027812	gestrinone	CCC12C=CC3=C4CCC(=O)C=C4CCC3C1CCC2(C#C)O	0
CIDs00028061	ornidazole	CC1=NC=C(N1CC(CCl)O)[N+](=O)[O-]	1
CIDs00028178	sodium dibutyryl cAMP	CCCC(=O)NC1=NC=NC2=C1N=CN2C3C4C(C(O3)COC(=O)CCC)OP(=O)(O4)O	0
CIDs00028332	propoxyphene napsylate	CCC(=O)OC(CC1=CC=CC=C1)(C2=CC=CC=C2)C(C)CN(C)C.C1=CC=C2C=C(C=CC2=C1)S(=O)(=O)O	0
CIDs00028871	fentiazac	C1=CC=C(C=C1)C2=NC(=C(S2)CC(=O)O)C3=CC=C(C=C3)Cl	0
CIDs00030667	lofexidine	CC(C1=NCCN1)OC2=C(C=CC=C2Cl)Cl.Cl	0
CIDs00031072	carbimazole	CCOC(=O)N1C=CN(C1=S)C	0
CIDs00031728	ritodrine	CC(C(C1=CC=C(C=C1)O)O)NCCC2=CC=C(C=C2)O.Cl	0
CIDs00031772	AC1L1MAZ	CC1CS(=O)(=O)CCN1N=CC2=CC=C(O2)[N+](=O)[O-]	1
CIDs00032169	articaine	CCCNC(C)C(=O)NC1=C(SC=C1C)C(=O)OC.Cl	0
CIDs00033477	pivampicillin	CC1(C(N2C(S1)C(C2=O)NC(=O)C(C3=CC=CC=C3)N)C(=O)OCOC(=O)C(C)(C)C)C.Cl	1
CIDs00034312	oxcarbazepine	C1C2=CC=CC=C2N(C3=CC=CC=C3C1=O)C(=O)N	0
CIDs00034632	moricizine	CCOC(=O)NC1=CC2=C(C=C1)SC3=CC=CC=C3N2C(=O)CCN4CCOCC4.Cl	1
CIDs00035375	etofenamate	C1=CC=C(C(=C1)C(=O)OCCOCCO)NC2=CC=CC(=C2)C(F)(F)F	0
CIDs00035734	metrizamide	CC(=O)NC1=C(C(=C(C(=C1I)C(=O)NC2C(C(C(OC2O)CO)O)O)I)N(C)C(=O)C)I	0
CIDs00035802	flubendazole	COC(=O)NC1=NC2=C(N1)C=C(C=C2)C(=O)C3=CC=C(C=C3)F	0
CIDs00036207	mesoridazine besylate	CN1CCCCC1CCN2C3=CC=CC=C3SC4=C2C=C(C=C4)S(=O)C.C1=CC=C(C=C1)S(=O)(=O)O	0
CIDs00036339	amidate	CCOC(=O)C1=CN=CN1C(C)C2=CC=CC=C2	1
CIDs00036673	Cloderm	CC1CC2C3CC(C4=CC(=O)C=CC4(C3(C(CC2(C1C(=O)COC(=O)C(C)(C)C)C)O)Cl)C)F	0
CIDs00036811	dobutamine	CC(CCC1=CC=C(C=C1)O)NCCC2=CC(=C(C=C2)O)O	0
CIDs00037083	Norgestimate-d6 (major)	CCC12CCC3C(C1CCC2(C#C)OC(=O)C)CCC4=CC(=NO)CCC34	0
CIDs00037175	imazalil	C=CCOC(CN1C=CN=C1)C2=C(C=C(C=C2)Cl)Cl	1
CIDs00037392	halofantrine	CCCCN(CCCC)CCC(C1=C2C=CC(=CC2=C3C=C(C=C(C3=C1)Cl)Cl)C(F)(F)F)O.Cl	1
CIDs00038258	Germall 115	C(NC(=O)NC1C(=O)NC(=O)N1CO)NC(=O)NC2C(=O)NC(=O)N2CO	0
CIDs00038521	guanadrel	C1CCC2(CC1)OCC(O2)CN=C(N)N	0
CIDs00038911	ciclopirox olamine	CC1=CC(=O)N(C(=C1)C2CCCCC2)O.C(CO)N	0
CIDs00038945	tocainide	CC1=C(C(=CC=C1)C)NC(=O)C(C)N	0
CIDs00039042	bezafibrate	CC(C)(C(=O)O)OC1=CC=C(C=C1)CCNC(=O)C2=CC=C(C=C2)Cl	0
CIDs00039212	flunixin meglumine	CC1=C(C=CC=C1NC2=C(C=CC=N2)C(=O)O)C(F)(F)F.CNCC(C(C(C(CO)O)O)O)O	0
CIDs00039507	Vexol	CCC(=O)C1(C(CC2C1(CC(C3C2CCC4=CC(=O)C=CC34C)O)C)C)C	0
CIDs00039764	vecuronium	CC(=O)OC1CC2CCC3C(C2(CC1N4CCCCC4)C)CCC5(C3CC(C5OC(=O)C)[N+]6(CCCCC6)C)C.[Br-]	1
CIDs00040634	Trolox	CC1=C(C(=C2CCC(OC2=C1C)(C)C(=O)O)C)O	0
CIDs00040703	pinaverium bromide	CC1(C2CCC(C1C2)CCOCC[N+]3(CCOCC3)CC4=CC(=C(C=C4Br)OC)OC)C.[Br-]	1
CIDs00040854	oxfendazole	COC(=O)NC1=NC2=C(N1)C=C(C=C2)S(=O)C3=CC=CC=C3	0
CIDs00041049	meptazinol	CCC1(CCCCN(C1)C)C2=CC(=CC=C2)O	0
CIDs00041317	acetretin	CC1=CC(=C(C(=C1C=CC(=CC=CC(=CC(=O)O)C)C)C)C)OC	0
CIDs00041774	acarbose	CC1C(C(C(C(O1)OC2C(OC(C(C2O)O)OC3C(OC(C(C3O)O)O)CO)CO)O)O)NC4C=C(C(C(C4O)O)O)CO	1
CIDs00041781	torasemide	CC1=CC(=CC=C1)NC2=C(C=NC=C2)S(=O)(=O)NC(=O)NC(C)C	0
CIDs00041987	SSRI) zimelidine	CN(C)CC=C(C1=CC=C(C=C1)Br)C2=CN=CC=C2	0
CIDs00042574	closantel	CC1=CC(=C(C=C1NC(=O)C2=CC(=CC(=C2O)I)I)Cl)C(C#N)C3=CC=C(C=C3)Cl	1
CIDs00042955	Misoprostol (SC-29333	CCCCC(C)(CC=CC1C(CC(=O)C1CCCCCCC(=O)OC)O)O	0
CIDs00043008	alizapride	COC1=CC2=NNN=C2C=C1C(=O)NCC3CCCN3CC=C	0
CIDs00043231	clorsulon	C1=C(C(=CC(=C1N)S(=O)(=O)N)S(=O)(=O)N)C(=C(Cl)Cl)Cl	0
CIDs00043507	ceforanide	C1C(=C(N2C(S1)C(C2=O)NC(=O)CC3=CC=CC=C3CN)C(=O)O)CSC4=NN=NN4CC(=O)O	1
CIDs00047471	butoconazole	C1=CC(=C(C(=C1)Cl)SC(CCC2=CC=C(C=C2)Cl)CN3C=CN=C3)Cl.[N+](=O)(O)[O-]	1
CIDs00047528	nicorandil	C1=CC(=CN=C1)C(=O)NCCO[N+](=O)[O-]	0
CIDs00047640	AMEI	CN(CC=CC1=CC=CC=C1)CC2=CC=CC3=CC=CC=C32.Cl	0
CIDs00050250	AG-G-66100	CN1CCCN=C1C=CC2=CC(=CC=C2)O.C1=CC=C2C(=C1)C=C(C(=C2CC3=C(C(=CC4=CC=CC=C43)C(=O)O)O)O)C(=O)O	0
CIDs00050614	Ceftotan	CN1C(=NN=N1)SCC2=C(N3C(C(C3=O)(NC(=O)C4SC(=C(C(=O)N)C(=O)O)S4)OC)SC2)C(=O)O	1
CIDs00050942	doxofylline	CN1C2=C(C(=O)N(C1=O)C)N(C=N2)CC3OCCO3	0
CIDs00051081	pefloxacin	CCN1C=C(C(=O)C2=CC(=C(C=C21)N3CCN(CC3)C)F)C(=O)O	1
CIDs00051577	Bay-m-1099	C1C(C(C(C(N1CCO)CO)O)O)O	0
CIDs00051767	AC1L1BOS	CC[NH+]1CCCC1CNC(=O)C2=C(C=CC(=C2OC)Br)OC.[Cl-]	0
CIDs00052421	Dermatop	CCC(=O)OCC(=O)C1(CCC2C1(CC(C3C2CCC4=CC(=O)C=CC34C)O)C)OC(=O)OCC	0
CIDs00054454	simvastatin	CCC(C)(C)C(=O)OC1CC(C=C2C1C(C(C=C2)C)CCC3CC(CC(=O)O3)O)C	0
CIDs00054459	idazoxan	C1CN=C(N1)C2COC3=CC=CC=C3O2	0
CIDs00054688	NSC643733	CCC1C(C(C(C(=O)C(CC(C(C(C(C(C(=O)O1)C)OC2CC(C(C(O2)C)O)(C)OC)C)OC3C(C(CC(O3)C)N(C)C)O)(C)OC)C)C)O)(C)O	1
CIDs00054765	bambuterol	CC(C)(C)NCC(C1=CC(=CC(=C1)OC(=O)N(C)C)OC(=O)N(C)C)O.Cl	0
CIDs00054840	atomoxetine	CC1=CC=CC=C1OC(CCNC)C2=CC=CC=C2.Cl	0
CIDs00056207	sarafloxacin	C1CN(CCN1)C2=C(C=C3C(=C2)N(C=C(C3=O)C(=O)O)C4=CC=C(C=C4)F)F.Cl	1
CIDs00056959	ranolazine	CC1=C(C(=CC=C1)C)NC(=O)CN2CCN(CC2)CC(COC3=CC=CC=C3OC)O	0
CIDs00056971	ipsapirone	C1CN(CCN1CCCCN2C(=O)C3=CC=CC=C3S2(=O)=O)C4=NC=CC=N4	0
CIDs00057266	eticlopride	CCC1=CC(=C(C(=C1O)C(=O)NCC2CCC[NH+]2CC)OC)Cl.[Cl-]	0
CIDs00057469	imiquimod	CC(C)CN1C=NC2=C1C3=CC=CC=C3N=C2N	0
CIDs00057697	pemirolast	CC1=CC=CN2C1=NC=C(C2=O)C3=NNN=N3	0
CIDs00058258	Mono S	CN1CCN(CC1)C2=C(C=C3C4=C2SCCN4C=C(C3=O)C(=O)O)F	1
CIDs00059693	fadrozole	C1CC(N2C=NC=C2C1)C3=CC=C(C=C3)C#N	0
CIDs00059708	etiracetam	CCC(C(=O)N)N1CCCC1=O	0
CIDs00059768	esmolol	CC(C)NCC(COC1=CC=C(C=C1)CCC(=O)OC)O	0
CIDs00060062	clinafloxacin	C1CC1N2C=C(C(=O)C3=CC(=C(C(=C32)Cl)N4CCC(C4)N)F)C(=O)O.Cl	1
CIDs00060149	sertindole	C1CN(CCC1C2=CN(C3=C2C=C(C=C3)Cl)C4=CC=C(C=C4)F)CCN5CCNC5=O	1
CIDs00060183	AN-760	CCCC(C(=O)OCC)NC(C)C(=O)N1C2CCCCC2CC1C(=O)O.CC(C)(C)N	0
CIDs00060198	exemestane	CC12CCC3C(C1CCC2=O)CC(=C)C4=CC(=O)C=CC34C	0
CIDs00060490	zileuton	CC(C1=CC2=CC=CC=C2S1)N(C(=O)N)O	0
CIDs00060561	ecadotril	CC(=O)SCC(CC1=CC=CC=C1)C(=O)NCC(=O)OCC2=CC=CC=C2	0
CIDs00060706	Merrem	CC1C2C(C(=O)N2C(=C1SC3CC(NC3)C(=O)N(C)C)C(=O)O)C(C)O.O.O.O	1
CIDs00060752	ibutilide	CCCCCCCN(CC)CCCC(C1=CC=C(C=C1)NS(=O)(=O)C)O.CCCCCCCN(CC)CCCC(C1=CC=C(C=C1)NS(=O)(=O)C)O.C(=CC(=O)O)C(=O)O	0
CIDs00060787	saquinivir	CC(C)(C)NC(=O)C1CC2CCCCC2CN1CC(C(CC3=CC=CC=C3)NC(=O)C(CC(=O)N)NC(=O)C4=NC5=CC=CC=C5C=C4)O	1
CIDs00060795	aripiprazole	C1CC(=O)NC2=C1C=CC(=C2)OCCCCN3CCN(CC3)C4=C(C(=CC=C4)Cl)Cl	0
CIDs00060852	ibandronate	CCCCCN(C)CCC(O)(P(=O)(O)O)P(=O)(O)O	0
CIDs00060853	ziprasidone	C1CN(CCN1CCC2=C(C=C3C(=C2)CC(=O)N3)Cl)C4=NSC5=CC=CC=C54.O.Cl	0
CIDs00060860	metaiodobenzylguanidine	C1=CC(=CC(=C1)I)CN=C(N)N	0
CIDs00060864	AC1L1U2R	CN(C)CCC=C1C2=CC=CC=C2COC3=C1C=C(C=C3)CC(=O)O.Cl	0
CIDs00060877	emtricitabine	C1C(OC(S1)CO)N2C=C(C(=NC2=O)N)F	0
CIDs00062389	N6-benzyladenine	C1=CC=C(C=C1)CNC2=NC=NC3=C2NC=N3	0
CIDs00065281	bacitracin A	CCC(C)C1C(=O)NC(C(=O)NC(C(=O)NC(C(=O)NC(C(=O)NCCCCC(C(=O)NC(C(=O)N1)CCCN)NC(=O)C(C(C)CC)NC(=O)C(CCC(=O)O)NC(=O)C(CC(C)C)NC(=O)C2CSC(=N2)C(C(C)CC)N)CC(=O)N)CC(=O)O)CC3=CN=CN3)CC4=CC=CC=C4	1
CIDs00065856	reboxetine	CCOC1=CC=CC=C1OC(C2CNCCO2)C3=CC=CC=C3	0
CIDs00065863	sertaconazole	C1=CC2=C(C(=C1)Cl)SC=C2COC(CN3C=CN=C3)C4=C(C=C(C=C4)Cl)Cl	1
CIDs00065906	mizolastine	CN(C1CCN(CC1)C2=NC3=CC=CC=C3N2CC4=CC=C(C=C4)F)C5=NC=CC(=O)N5	0
CIDs00065999	telmisartan	CCCC1=NC2=C(C=C(C=C2N1CC3=CC=C(C=C3)C4=CC=CC=C4C(=O)O)C5=NC6=CC=CC=C6N5C)C	1
CIDs00068591	toltrazuril	CC1=C(C=CC(=C1)N2C(=O)NC(=O)N(C2=O)C)OC3=CC=C(C=C3)SC(F)(F)F	1
CIDs00068733	AC1L2AC7	CCOC(=O)C1=C(NC(=C(C1C2=CC=CC=C2C=CC(=O)OC(C)(C)C)C(=O)OCC)C)C	1
CIDs00068802	pyrazidol	CC1=CC2=C(C=C1)N3CCNC4C3=C2CCC4	0
CIDs00068844	brinzolamide	CCNC1CN(S(=O)(=O)C2=C1C=C(S2)S(=O)(=O)N)CCCOC	0
CIDs00068930	5 beta-alphaxalone	CC(=O)C1CCC2C1(CC(=O)C3C2CCC4C3(CCC(C4)O)C)C	0
CIDs00069216	5-methyl-2,4-imidazolidinedione	CC1C(=O)NC(=O)N1	0
CIDs00069550	theophylline-7-acetic acid	CN1C2=C(C(=O)N(C1=O)C)N(C=N2)CC(=O)O	0
CIDs00071158	acamprosate	CC(=O)NCCCS(=O)(=O)O	0
CIDs00071388	Triton WR-1339	CC(C)(C)CC(C)(C)C1=CC=C(C=C1)O.C=O.C1CO1	0
CIDs00071428	Apralan	CNC1C(C2C(CC(C(O2)OC3C(CC(C(C3O)O)N)N)N)OC1OC4C(C(C(C(O4)CO)N)O)O)O	1
CIDs00071436	CTK8F1133	CCCCCC(C=CC1C(CC(C1CC=CCCCC(=O)O)O)O)O.C(C(CO)(CO)N)O	0
CIDs00071616	voriconazole	CC(C1=NC=NC=C1F)C(CN2C=NC=N2)(C3=C(C=C(C=C3)F)F)O	0
CIDs00071655	ABOB	C1COCCN1C(=N)N=C(N)N	0
CIDs00071771	aceclofenac	C1=CC=C(C(=C1)CC(=O)OCC(=O)O)NC2=C(C=CC=C2Cl)Cl	0
CIDs00071815	secnidazole	CC1=NC=C(N1CC(C)O)[N+](=O)[O-]	1
CIDs00072054	darifenicin	C1CN(CC1C(C2=CC=CC=C2)(C3=CC=CC=C3)C(=O)N)CCC4=CC5=C(C=C4)OCC5	0
CIDs00072067	thiocolchicoside	CC(=O)NC1CCC2=CC(=C(C(=C2C3=CC=C(C(=O)C=C13)SC)OC)OC)OC4C(C(C(C(O4)CO)O)O)O	0
CIDs00072111	Rifaximin-d6	CC1C=CC=C(C(=O)NC2=C(C3=C(C4=C(C(=C3O)C)OC(C4=O)(OC=CC(C(C(C(C(C(C1O)C)O)C)OC(=O)C)C)OC)C)C5=C2N6C=CC(=CC6=N5)C)O)C	1
CIDs00072314	NSC628055	CCC1=CC2CC3(C1N(C2)CCC4=C3NC5=CC=CC=C45)C(=O)OC.Cl	0
CIDs00072894	2-aminobenzenesulfonamide	C1=CC=C(C(=C1)N)S(=O)(=O)N	0
CIDs00073090	colistin sulfate	CCC(C)CCCCC(=O)NC(CCN)C(=O)NC(C(C)O)C(=O)NC(CCN)C(=O)NC1CCNC(=O)C(NC(=O)C(NC(=O)C(NC(=O)C(NC(=O)C(NC(=O)C(NC1=O)CCN)CC(C)C)CC(C)C)CCN)CCN)C(C)O.OS(=O)(=O)O	1
CIDs00073277	chloropyrazine	C1=CN=C(C=N1)Cl	0
CIDs00074989	atovaquone	C1CC(CCC1C2=CC=C(C=C2)Cl)C3=C(C4=CC=CC=C4C(=O)C3=O)O	0
CIDs00077998	rosiglitazone	CN(CCOC1=CC=C(C=C1)CC2C(=O)NC(=O)S2)C3=CC=CC=N3.C(=CC(=O)O)C(=O)O	0
CIDs00084003	ketorolac tromethamine	C1CN2C(=CC=C2C(=O)C3=CC=CC=C3)C1C(=O)O.C(C(CO)(CO)N)O	0
CIDs00091610	gliquidone	CC1(C2=C(C=C(C=C2)OC)C(=O)N(C1=O)CCC3=CC=C(C=C3)S(=O)(=O)NC(=O)NC4CCCCC4)C	0
CIDs00091668	nomegestrol acetate	CC1=CC2C(CCC3(C2CCC3(C(=O)C)OC(=O)C)C)C4C1=CC(=O)CC4	0
CIDs00098889	4-hydroxyantipyrine	CC1=C(C(=O)N(N1C)C2=CC=CC=C2)O	0
CIDs00104741	fulvestrant	CC12CCC3C(C1CCC2O)C(CC4=C3C=CC(=C4)O)CCCCCCCCCS(=O)CCCC(C(F)(F)F)(F)F	0
CIDs00104865	bosentan	CC(C)(C)C1=CC=C(C=C1)S(=O)(=O)NC2=C(C(=NC(=N2)C3=NC=CC=N3)OCCO)OC4=CC=CC=C4OC	0
CIDs00108107	benzamil	C1=CC=C(C=C1)CN=C(N)NC(=O)C2=C(N=C(C(=N2)Cl)N)N	0
CIDs00110634	vardenafil	CCCC1=NC(=C2N1NC(=NC2=O)C3=C(C=CC(=C3)S(=O)(=O)N4CCN(CC4)CC)OCC)C	1
CIDs00114811	florfenicol	CS(=O)(=O)C1=CC=C(C=C1)C(C(CF)NC(=O)C(Cl)Cl)O	1
CIDs00123619	etoricoxib	CC1=NC=C(C=C1)C2=NC=C(C=C2C3=CC=C(C=C3)S(=O)(=O)C)Cl	0
CIDs00123631	gefitinib	COC1=C(C=C2C(=C1)N=CN=C2NC3=CC(=C(C=C3)F)Cl)OCCCN4CCOCC4	1
CIDs00124087	desloratadine	C1CC2=C(C=CC(=C2)Cl)C(=C3CCNCC3)C4=C1C=CC=N4	0
CIDs00151165	emend	CC(C1=CC(=CC(=C1)C(F)(F)F)C(F)(F)F)OC2C(N(CCO2)CC3=NC(=O)NN3)C4=CC=C(C=C4)F	1
CIDs00151193	vatalanib	C1=CC=C2C(=C1)C(=NN=C2NC3=CC=C(C=C3)Cl)CC4=CC=NC=C4.C(CC(=O)O)C(=O)O	0
CIDs00155773	xamoterol	C1COCCN1C(=O)NCCNCC(COC2=CC=C(C=C2)O)O.C1COCCN1C(=O)NCCNCC(COC2=CC=C(C=C2)O)O.C(=CC(=O)O)C(=O)O	0
CIDs00156326	Sycrest	CN1CC2C(C1)C3=C(C=CC(=C3)Cl)OC4=CC=CC=C24	0
CIDs00158781	olmesartan	CCCC1=NC(=C(N1CC2=CC=C(C=C2)C3=CC=CC=C3C4=NNN=N4)C(=O)O)C(C)(C)O	0
CIDs00168993	pizotifen malate	CN1CCC(=C2C3=C(CCC4=CC=CC=C42)SC=C3)CC1.C(C(C(=O)O)O)C(=O)O	0
CIDs00170344	etifenin	CCC1=C(C(=CC=C1)CC)NC(=O)CN(CC(=O)O)CC(=O)O	0
CIDs00176870	erlotinib	COCCOC1=C(C=C2C(=C1)C(=NC=N2)NC3=CC=CC(=C3)C#C)OCCOC	0
CIDs00179850	Prestwick_647	C1CC(C2=NC3=CC=CC=C3C(=C2C1)N)O	0
CIDs00195164	SR-95639A	C1CC2=CC=CC=C2C3=NN=C(C=C3C1)NCCN4CCOCC4.Cl.Cl	0
CIDs00197712	Letairis	CC1=CC(=NC(=N1)OC(C(=O)O)C(C2=CC=CC=C2)(C3=CC=CC=C3)OC)C	0
CIDs00210320	spaglumic acid	CC(=O)NC(CC(=O)NC(CCC(=O)O)C(=O)O)C(=O)O	0
CIDs00222786	cortisone	CC12CCC(=O)C=C1CCC3C2C(=O)CC4(C3CCC4(C(=O)CO)O)C	0
CIDs00427876	Vanquin	CC1=CC(=C(N1C2=CC=CC=C2)C)C=CC3=[N+](C4=C(C=C3)C=C(C=C4)N(C)C)C.C1=CC=C2C(=C1)C=C(C(=C2CC3=C(C(=CC4=CC=CC=C43)C(=O)O)O)O)C(=O)O	1
CIDs00439504	AC1L97HB	CCC1C(C=C(C=CC(=O)C(CC(C(C(C(CC(=O)O1)O)C)OC2C(C(C(C(O2)C)OC3CC(C(C(O3)C)O)(C)O)N(C)C)O)CC=O)C)C)COC4C(C(C(C(O4)C)O)OC)OC	1
CIDs00456389	diclazuril	C1=CC(=CC=C1C(C#N)C2=C(C=C(C=C2Cl)N3C(=O)NC(=O)C=N3)Cl)Cl	1
CIDs00462481	Valodin	CCC1C(C2C(C(C(CC(C(C(C(C(C(=O)O1)C)OC3CC(C(C(O3)C)O)(C)OC)C)OC4C(C(CC(O4)C)N(C)C)O)(C)O)C)NC(O2)COCCOC)C)(C)O	1
CIDs00610479	tolfenamic acid	CC1=C(C=CC=C1Cl)NC2=CC=CC=C2C(=O)O	1
CIDs00636411	tenatoprazole	CC1=CN=C(C(=C1OC)C)CS(=O)C2=NC3=C(N2)C=CC(=N3)OC	1
CIDs00657298	propylthiouracil (PTU	CCCC1=CC(=O)NC(=S)N1	0
CIDs00666418	prothionamide	CCCC1=NC=CC(=C1)C(=S)N	0
CIDs00667490	6-mercaptopurine	C1=NC2=C(N1)C(=S)N=CN2	1
CIDs01349907	methimazole	CN1C=CNC1=S	0
CIDs02724387	6-thioguanosine	C1=NC2=C(N1C3C(C(C(O3)CO)O)O)NC(=NC2=S)N	0
CIDs02761171	ethionamide	CCC1=NC=CC(=C1)C(=S)N	0
CIDs03032788	Alloferin	C=CC[N+]12CCC34C1CC(C(=CCO)C2)C5=CN6C7C(=CN(C53)C8=CC=CC=C48)C9CC1C7(CC[N+]1(CC9=CCO)CC=C)C1=CC=CC=C16	0
CIDs03035905	thioperamide	C1CCC(CC1)NC(=S)N2CCC(CC2)C3=CN=CN3	0
CIDs03038494	Bp 897	COC1=CC=CC=C1N2CCN(CC2)CCCCNC(=O)C3=CC4=CC=CC=C4C=C3.Cl	0
CIDs03080836	lysine clonixinate	CC1=C(C=CC=C1Cl)NC2=C(C=CC=N2)C(=O)O.C(CCN)CC(C(=O)O)N	0
CIDs03085006	Thiethylperazine Malate	CCSC1=CC2=C(C=C1)SC3=CC=CC=C3N2CCCN4CCN(CC4)C.C(C(C(=O)O)O)C(=O)O	1
CIDs03085416	HMS2233J07	CCC(C)C1C(CCC2(O1)CC3CC(O2)CC=C(C(C(C=CC=C4COC5C4(C(C=C(C5O)C)C(=O)O3)O)C)OC6CC(C(C(O6)C)OC7CC(C(C(O7)C)O)OC)OC)C)C	1
CIDs03364573	4-methylumbelliferone	CC1=CC(=O)OC2=C1C=CC(=C2)[O-].[Na+]	0
CIDs03941250	Nitrocaramiphen hydrochloride	CCN(CC)CCOC(=O)C1(CCCC1)C2=CC=C(C=C2)[N+](=O)[O-]	0
CIDs04659568	5) Entacapone	CCN(CC)C(=O)C(=CC1=CC(=C(C(=C1)O)O)[N+](=O)[O-])C#N	1
CIDs05001396	warfarin	CC(=O)CC(C1=CC=CC=C1)C2=C(OC3=CC=CC=C3C2=O)[O-]	0
CIDs05280445	luteolin	C1=CC(=C(C=C1C2=CC(=O)C3=C(C=C(C=C3O2)O)O)O)O	0
CIDs05281007	dacarbazine (DTIC	CN(C)NN=C1C(=NC=N1)C(=O)N	0
CIDs05281613	diosmin	CC1C(C(C(C(O1)OCC2C(C(C(C(O2)OC3=CC(=C4C(=C3)OC(=CC4=O)C5=CC(=C(C=C5)OC)O)O)O)O)O)O)O)O	0
CIDs05310993	acipimox	CC1=CN=C(C=[N+]1[O-])C(=O)O	0
CIDs05353894	pralidoxime	CN1C=CC=CC1=C[NH+]=O	0
CIDs05353980	sulphasalazine	C1=CC=NC(=C1)NS(=O)(=O)C2=CC=C(C=C2)NN=C3C=CC(=O)C(=C3)C(=O)O	0
CIDs05359775	pontamine sky blue 6B	COC1=C(C=CC(=C1)C2=CC(=C(C=C2)NN=C3C=CC4=C(C3=O)C(=C(C=C4S(=O)(=O)[O-])S(=O)(=O)[O-])N)OC)NN=C5C=CC6=C(C5=O)C(=C(C=C6S(=O)(=O)[O-])S(=O)(=O)[O-])N.[Na+].[Na+].[Na+].[Na+]	0
CIDs05361912	NC00221	CC1C=CC=C(C(=O)NC2=C3C(=NC4(N3)CCN(CC4)CC(C)C)C5=C6C(=C(C(=C5C2=O)O)C)OC(C6=O)(OC=CC(C(C(C(C(C(C1O)C)O)C)OC(=O)C)C)OC)C)C	1
CIDs05362070	balsalazine	C1=CC(=CC=C1C(=O)NCCC(=O)O)NN=C2C=CC(=O)C(=C2)C(=O)O	0
CIDs05362420	Visudyne	CC1=C(C2=CC3=NC(=CC4=C(C(=C(N4)C=C5C6(C(C(=CC=C6C(=N5)C=C1N2)C(=O)OC)C(=O)OC)C)C)CCC(=O)OC)C(=C3C)CCC(=O)O)C=C	0
CIDs05381226	rifampicin	CC1C=CC=C(C(=O)NC2=C(C3=C(C(=C4C(=C3C(=O)C2=CNN5CCN(CC5)C)C(=O)C(O4)(OC=CC(C(C(C(C(C(C1O)C)O)C)OC(=O)C)C)OC)C)C)O)O)C	1
CIDs06323497	rifapentine	CC1C=CC=C(C(=O)NC2=C(C3=C(C(=C4C(=C3C(=O)C2=CNN5CCN(CC5)C6CCCC6)C(=O)C(O4)(OC=CC(C(C(C(C(C(C1O)C)O)C)OC(=O)C)C)OC)C)C)O)O)C	1
CIDs06333887	NSC-321521	CC[PH+](CC)CC.CC[PH+](CC)CC.CC(=O)OCC1C(C(C(C(O1)[SH2+])OC(=O)C)OC(=O)C)OC(=O)C.[Au].[Au]	1
CIDs06398970	AC1O4QTU	C=CC1=C(N2C(C(C2=O)NC(=O)C(=NO)C3=CSC(=N3)N)SC1)C(=O)O	1
CIDs06419933	gentamicine sulfate	CC(C1CCC(C(O1)OC2C(CC(C(C2O)OC3C(C(C(CO3)(C)O)NC)O)N)N)N)N.CC(C1CCC(C(O1)OC2C(CC(C(C2O)OC3C(C(C(CO3)(C)O)NC)O)N)N)N)NC.CC1(COC(C(C1NC)O)OC2C(CC(C(C2O)OC3C(CCC(O3)CN)N)N)N)O.OS(=O)(=O)O	0
CIDs06433489	Aescusan	CC=C(C)C(=O)OC1C(C2(C(CC1(C)C)C3=CCC4C5(CCC(C(C5CCC4(C3(CC2O)C)C)(C)CO)OC6C(C(C(C(O6)C(=O)O)OC7C(C(C(C(O7)CO)O)O)O)O)OC8C(C(C(C(O8)CO)O)O)O)C)CO)OC(=O)C.CC=C(C)C(=O)OC1C(C2(C(CC1(C)C)C3=CCC4C5(CCC(C(C5CCC4(C3(CC2O)C)C)(C)CO)OC6C(C(C(C(O6)C(=O)O)OC7C(C(C(C(O7)CO)O)O)O)O)OC8C(C(C(C(O8)CO)O)O)O)C)CO)OC(=O)C	0
CIDs06604471	methiazole	CC(C)SC1=CC2=C(C=C1)N=C(N2)NC(=O)OC	0
CIDs11020241	ascorbate	C(C(C1C(=O)C(=C(O1)[O-])[O-])O)O.[Ca+2]	0
CIDs16129638	NSC81722	CCC(C)C1C(=O)NC(C(=O)NC(=C)C(=O)NC(C(=O)NC23CCC(=NC2C4=CSC(=N4)C(C(OC(=O)C5=NC6=C(C=CC(C6O)N1)C(=C5)C(C)O)C)NC(=O)C7=CSC(=N7)C(NC(=O)C8CSC(=N8)C(=CC)NC(=O)C(NC(=O)C9=CSC3=N9)C(C)O)C(C)(C(C)O)O)C1=NC(=CS1)C(=O)NC(=C)C(=O)NC(=C)C(=O)N)C)C	1
CIDs23690938	piroxicam	CN1C(=C(NC2=CC=CC=N2)[O-])C(=O)C3=CC=CC=C3S1(=O)=O.[Na+]	0
CIDs23986046	Alcopar	C[N+](C)(CCOC1=CC=CC=C1)CC2=CC=CC=C2.C1=CC=C2C=C(C(=CC2=C1)C(=O)O)O	0
CIDs25201794	dicumarol	C1=CC=C2C(=C1)C(=O)C(=C(O2)[O-])CC3=C(OC4=CC=CC=C4C3=O)[O-]	1
CIDs25880656	4-Epidoxycycline	CC1C2C(C3C(C(=O)C(=C(N)[O-])C(=O)C3(C(=O)C2=C(C4=C1C=CC=C4O)[O-])O)[NH+](C)C)O	1
CIDs25880664	achromycin	CC1(C2CC3C(C(=O)C(=C(N)[O-])C(=O)C3(C(=O)C2=C(C4=C1C=CC=C4O)[O-])O)[NH+](C)C)O	1
CIDs26275995	minocycline	C[NH+](C)C1C2CC3CC4=C(C=CC(=C4C(=C3C(=O)C2(C(=O)C(=C(N)[O-])C1=O)O)[O-])O)N(C)C	1
CIDs27233777	C22H23ClN2O8	CC1(C2CC3C(C(=O)C(=C(N)[O-])C(=O)C3(C(=O)C2=C(C4=C(C=CC(=C41)Cl)O)[O-])O)[NH+](C)C)O	1
CIDs28412038	Zinc03977864	C[NH+](C)C1C2C(C3C(=C)C4=C(C(=CC=C4)O)C(=C3C(=O)C2(C(=O)C(=C(N)[O-])C1=O)O)[O-])O	1
CIDs40468184	S)-acenocoumarol	CC(=O)CC(C1=CC=C(C=C1)[N+](=O)[O-])C2=C(OC3=CC=CC=C3C2=O)[O-]	0
CIDs44134877	4-epioxytetracycline	CC1(C2C(C3C(C(=O)C(=C(N)[O-])C(=O)C3(C(=O)C2=C(C4=C1C=CC=C4O)O)O)N(C)C)O)O.CC1(C2C(C3C(C(=O)C(=C(N)[O-])C(=O)C3(C(=O)C2=C(C4=C1C=CC=C4O)O)O)N(C)C)O)O.[Ca+2]	1
CIDs51508717	tenoxicam	CN1C(=C(NC2=CC=CC=N2)[O-])C(=O)C3=C(S1(=O)=O)C=CS3	0
CIDs51601240	demeclocycline	C[NH+](C)C1C2CC3C(C4=C(C=CC(=C4C(=C3C(=O)C2(C(=O)C(=C(N)[O-])C1=O)O)O)O)Cl)O	1
CIDs54676538	meclocycline sulfosalicylate	CN(C)C1C2C(C3C(=C)C4=C(C=CC(=C4C(=C3C(=O)C2(C(=C(C1=O)C(=O)N)O)O)O)O)Cl)O.C1=CC(=C(C=C1S(=O)(=O)O)C(=O)O)O	1
CIDs54677972	isoxicam	CC1=CC(=NO1)NC(=O)C2=C(C3=CC=CC=C3S(=O)(=O)N2C)O	0
CIDs54687131	Tetralysal	CC1(C2CC3C(C(=O)C(=C(C3(C(=O)C2=C(C4=C1C=CC=C4O)O)O)O)C(=O)NCNCCCCC(C(=O)O)N)N(C)C)O	1
