zinc_id,smiles
ZINC000000001084,Cn1c(=O)c2c(ncn2C)n(C)c1=O
ZINC000000001217,CN1C(=O)CC[C@@H]1c1cccnc1
ZINC000000002151,Cn1cnc2c1c(=O)[nH]c(=O)n2C
ZINC000000006047,CC(C)N(CC[C@H](c1ccccc1)c1cc(CO)ccc1O)C(C)C
ZINC000000006556,N=C(O)OC[C@@H](CO)c1ccccc1
ZINC000000020255,C[C@](N)(Cc1ccc(O)c(O)c1)C(=O)O
ZINC000000031164,c1cncc([C@H]2CCCCN2)c1
ZINC000000031165,c1cncc([C@@H]2CCCCN2)c1
ZINC000000039112,NCCc1cc(O)c(O)cc1O
ZINC000000057344,COc1cc2c(CCNC(C)=O)c[nH]c2cc1O
ZINC000000058117,O=C1C[C@@H](c2ccc(O)c(O)c2)Oc2cc(O)cc(O)c21
ZINC000000066104,CC(=O)NCCc1c[nH]c2ccc(O)cc12
ZINC000000083860,O=C(O)Cc1c[nH]c2ccccc12
ZINC000000085742,COc1cc(C[C@H](N)C(=O)O)ccc1O
ZINC000000120234,Cn1c(=O)[nH]c2ncn(C)c2c1=O
ZINC000000121456,CNc1c(C)n(C)n(-c2ccccc2)c1=O
ZINC000000154564,O=C(O)CCc1ccccc1
ZINC000000206825,O=C(O)CNC(=O)c1ccncc1
ZINC000000254441,CC(=O)NNC(=O)c1ccncc1
ZINC000000391789,Cn1cnc2[nH]c(=O)[nH]c(=O)c21
ZINC000000391812,CN1CCC[C@H]1c1cccnc1
ZINC000000395560,C[N+](C)(C)CCCC(=O)O
ZINC000000402766,CN1C(=O)CC[C@H]1c1cccnc1
ZINC000000402946,C[C@]12CC[C@H]3c4ccc(O)c(O)c4CC[C@H]3[C@@H]1CC[C@@H]2O
ZINC000000404287,Cc1cccc(C(=O)O)c1N
ZINC000000621828,COc1ccc(C[C@@H]2c3cc(OC)c(OC)cc3CCN2C)cc1OC
ZINC000000621833,COc1ccc(C[C@H]2c3cc(OC)c(OC)cc3CCN2C)cc1OC
ZINC000000839083,Cc1c(OCC(F)(F)F)ccnc1C[S@@](=O)c1nc2cc(O)ccc2[nH]1
ZINC000000895042,N[C@@H](CS)C(=O)O
ZINC000000895077,N[C@@H](CCS)C(=O)O
ZINC000000895212,O=C(O)CC(=O)O
ZINC000000895360,O=C(O)[C@@H]1CCCN1
ZINC000000895494,C[N+](C)(C)[O-]
ZINC000000895703,N[C@H](CCS)C(=O)O
ZINC000000895828,O=CCc1c[nH]c2ccc(O)cc12
ZINC000000897095,O=[P@@]1(N(CCCl)CCCl)N[C@@H](O)CCO1
ZINC000000897102,O=[P@]1(N(CCCl)CCCl)N[C@@H](O)CCO1
ZINC000000897103,O=[P@@]1(N(CCCl)CCCl)N[C@H](O)CCO1
ZINC000000897143,C=CC=O
ZINC000000901351,CC[C@H](N)C(=O)O
ZINC000001081066,O=C(O)c1cnccn1
ZINC000001481952,CN(C)CC/C=C1\c2ccccc2C[C@H](O)c2ccccc21
ZINC000001530348,O=C(O)CCCCC(=O)O
ZINC000001530870,N[P@](=O)(OCCC=O)N(CCCl)CCCl
ZINC000001532418,C=C(C)[C@@H]1CC=C(C(=O)O)CC1
ZINC000001532419,C=C(C)[C@H]1CC=C(C(=O)O)CC1
ZINC000001532525,N=C(N)NCCC[C@H](N)C(=O)O
ZINC000001532529,CSCC[C@H](N)C(=O)O
ZINC000001532680,N[C@@H](CCSC[C@H](N)C(=O)O)C(=O)O
ZINC000001540640,COc1ccccc1OCCNC[C@@H](O)COc1ccc(O)c2[nH]c3ccccc3c12
ZINC000001540640,COc1ccccc1OCCNC[C@@H](O)COc1ccc(O)c2[nH]c3ccccc3c12
ZINC000001552042,CCCCc1nc(Cl)c(C=O)n1Cc1ccc(-c2ccccc2-c2nnn[nH]2)cc1
ZINC000001560331,N[P@](=O)(OCCCO)N(CCCl)CCCl
ZINC000001585847,CC/C(=C(/c1ccc(OCCN(C)C)cc1)c1cccc(O)c1)c1ccccc1
ZINC000001588900,CC/C(=C(\c1ccccc1)c1ccc(OCCNC)cc1)c1ccccc1
ZINC000001611775,COc1ccc2c(c1)[C@]13CCCC[C@@H]1[C@H](C2)NCC3
ZINC000001640621,Cc1cc(NS(=O)(=O)c2ccc(NO)cc2)no1
ZINC000001693280,O=Cc1cccc2ccccc12
ZINC000001743726,O=[P@]1(NCCCl)OCC[C@H](O)N1CCCl
ZINC000001845780,Cn1c(O)nc2nc(O)[nH]c2c1=O
ZINC000001847459,Oc1ccc(C(F)(F)F)cc1
ZINC000002018134,CNCCCN1c2ccccc2Sc2ccccc21
ZINC000002033583,N[P@@](=O)(OCCCO)N(CCCl)CCCl
ZINC000002034481,Cn1c(=O)nc(O)c2[nH]c(=O)[nH]c21
ZINC000002041003,O=c1nc2[nH]c(=O)[nH]c2c(O)[nH]1
ZINC000002170224,CNCC/C=C1\c2ccccc2C[C@@H](O)c2ccccc21
ZINC000002170227,CNCC/C=C1\c2ccccc2C[C@H](O)c2ccccc21
ZINC000002379161,O=C1CC[C@H](c2cccnc2)N1
ZINC000002383046,O=C(O)Cc1ccccc1Nc1c(Cl)cc(O)cc1Cl
ZINC000002504597,C/C=C1\N(C)[C@H](C)CC1(c1ccccc1)c1ccccc1
ZINC000002509755,Oc1ccccc1OCCNC[C@@H](O)COc1cccc2[nH]c3ccccc3c12
ZINC000002509772,C[C@H](NC(C)(C)CO)C(=O)c1cccc(Cl)c1
ZINC000002512178,CC[C@]1(c2ccc(O)cc2)NC(=O)N(C)C1=O
ZINC000002516902,CCCCN/C(O)=N/S(=O)(=O)c1ccc(CO)cc1
ZINC000002525884,CNC[C@H](c1ccc(OC)cc1)C1(O)CCCCC1
ZINC000002526388,COc1cc(O)ccc1OCCNC[C@@H](O)COc1cccc2[nH]c3ccccc3c12
ZINC000002526389,COc1ccc(O)cc1OCCNC[C@@H](O)COc1cccc2[nH]c3ccccc3c12
ZINC000002528486,Oc1ccccc1OCCNC[C@H](O)COc1cccc2[nH]c3ccccc3c12
ZINC000002528509,COc1cc(O)ccc1OCCNC[C@H](O)COc1cccc2[nH]c3ccccc3c12
ZINC000002528510,COc1ccc(O)cc1OCCNC[C@H](O)COc1cccc2[nH]c3ccccc3c12
ZINC000002566542,NC(=O)NS(=O)(=O)c1ccc(Cl)cc1
ZINC000002568171,OCc1nnc2n1-c1ccc(Cl)cc1C(c1ccccc1)=NC2
ZINC000002570839,C=CC[C@H](CCC)C(=O)O
ZINC000002570845,C/C=C/[C@H](CCC)C(=O)O
ZINC000002570846,CCC[C@@H](C(=O)O)[C@H](O)CC
ZINC000002570852,C[C@H](C(=O)O)c1ccc2cc(O)ccc2c1
ZINC000002570884,CC(=O)Nc1c(NC=O)nc(O)n(C)c1=O
ZINC000002572599,O=C(O)[C@@H](c1ccccc1)[C@@H]1CCCCN1
ZINC000002572820,COc1ccc2c3c1O[C@H]1C(=O)CC[C@@]4(O)[C@@H](C2)NCC[C@]314
ZINC000002578897,CCC[C@H](CCCO)C(=O)O
ZINC000002581450,CCC[C@H](C[C@@H](C)O)C(=O)O
ZINC000002584391,Cn1c(=O)[nH]c2c(=O)[nH]c(O)nc21
ZINC000002584392,Cn1c(O)nc2c([nH]c(=O)n2C)c1=O
ZINC000002598081,CC(=O)Cc1ccc(O)c(O)c1
ZINC000003612845,N=C(O)OC[C@H](CO)c1ccccc1
ZINC000003651513,O=S(=O)(/N=C(\O)NN1C[C@H]2CCC[C@H]2C1)c1ccc(CO)cc1
ZINC000003651514,O=S(=O)(/N=C(\O)NN1C[C@H]2CCC[C@@H]2C1)c1ccc(CO)cc1
ZINC000003651514,O=S(=O)(/N=C(\O)NN1C[C@H]2CCC[C@@H]2C1)c1ccc(CO)cc1
ZINC000003651516,O=S(=O)(/N=C(\O)NN1C[C@@H]2CCC[C@H]2C1)c1ccc(CO)cc1
ZINC000003812897,C#C[C@]1(O)CC[C@H]2[C@@H]3CCc4cc(O)ccc4[C@H]3CC[C@@]21C
ZINC000003814360,C[C@]12CC[C@H]3[C@@H](CC[C@H]4CC(=O)CC[C@@]43C)[C@@H]1CC[C@@H]2O
ZINC000003814410,C[C@]12CC[C@@H]3c4ccc(O)c(O)c4CC[C@H]3[C@@H]1CC[C@@H]2O
ZINC000003815418,C[C@]12CC[C@@H]3c4ccc(O)cc4CC[C@H]3[C@@H]1C[C@@H](O)[C@@H]2O
ZINC000003830891,N[C@@H](CCC(=O)N[C@@H](CS)C(=O)NCC(=O)O)C(=O)O
ZINC000003860156,Nc1ncnc2c1ncn2[C@@H]1O[C@H](COP(=O)(O)O)[C@@H](O)[C@H]1O
ZINC000003869576,O=C1CC[C@@H](c2cccnc2)N1
ZINC000003869580,CN1C(=O)[C@@H](O)C[C@H]1c1cccnc1
ZINC000003869640,C[C@@H](NC(C)(C)CO)C(=O)c1cccc(Cl)c1
ZINC000003871017,C[C@]12CC[C@@H]3c4ccc(O)c(O)c4CC[C@@H]3[C@@H]1CC[C@@H]2O
ZINC000003881635,C#C[C@]1(O)CC[C@H]2[C@@H]3CCC4=CC(=O)CC[C@]4(C)[C@H]3CC[C@@]21C
ZINC000004096817,C[C@]12CC[C@@H]3c4ccc(O[C@@H]5O[C@H](C(=O)O)[C@@H](O)[C@H](O)[C@H]5O)cc4CC[C@H]3[C@@H]1CC[C@@H]2O
ZINC000004096986,CCCCC[C@H](O)/C=C/[C@H]1[C@H](O)C[C@H](O)[C@@H]1CC(=O)CCCCC(=O)O
ZINC000004098984,CC1=C(/C=C/C(C)=C/C=C/C(C)=C/C(=O)O[C@@H]2O[C@H](C(=O)O)[C@@H](O)[C@H](O)[C@H]2O)C(C)(C)CCC1
ZINC000004099002,COc1cc2c(cc1O[C@@H]1O[C@H](C(=O)O)[C@@H](O)[C@H](O)[C@H]1O)CC[C@@H]1[C@@H]2CC[C@]2(C)[C@@H](O)CC[C@@H]12
ZINC000004099004,C[C@]12CC[C@@H]3c4ccc(O[C@@H]5O[C@H](C(=O)O)[C@@H](O)[C@H](O)[C@H]5O)cc4CC[C@H]3[C@@H]1CCC2=O
ZINC000004099164,N[C@@H](CCC(=O)N[C@@H](CS[C@@H]1CCO[P@](=O)(N(CCCl)CCCl)N1)C(=O)NCC(=O)O)C(=O)O
ZINC000004213449,O=C(O)[C@H]1O[C@H](O)[C@H](O)[C@@H](O)[C@@H]1O
ZINC000004214681,CN(C)CC/C=C1\c2ccccc2C[C@@H](O)c2ccccc21
ZINC000004214983,CCOC(=O)[C@H]1[C@@H](OC(=O)c2ccccc2)C[C@@H]2CC[C@H]1N2C
ZINC000004228232,Nc1ncnc2c1ncn2[C@@H]1O[C@H](CSCC[C@H](N)C(=O)O)[C@@H](O)[C@H]1O
ZINC000004228266,CN1c2c(nc(N)[nH]c2=O)NC[C@@H]1CNc1ccc(C(=O)N[C@H](CCC(=O)O)C(=O)O)cc1
ZINC000004228267,CN1c2c(nc(N)[nH]c2=O)NC[C@H]1CNc1ccc(C(=O)N[C@H](CCC(=O)O)C(=O)O)cc1
ZINC000004474603,CC/C=C\C/C=C\C/C=C\C/C=C\C/C=C\CCCC(=O)O
ZINC000004654886,NCCc1ccc(O)c(OS(=O)(=O)O)c1
ZINC000004654887,NCCc1ccc(OS(=O)(=O)O)c(O)c1
ZINC000004658606,CS(C)(=O)=O
ZINC000004685854,Cn1c(=O)[nH]c(=O)c2[nH]cnc21
ZINC000004805034,CN1[C@H]2CC[C@@H]1[C@H](C(=O)O)[C@@H](OC(=O)c1ccccc1)C2
ZINC000005116153,COc1ccc2nc([S@](=O)Cc3ncc(CO)c(OC)c3C)[nH]c2c1
ZINC000005116154,COc1ccc2nc([S@@](=O)Cc3ncc(CO)c(OC)c3C)[nH]c2c1
ZINC000005116994,NC(=O)c1c[nH]c(=O)cn1
ZINC000005133120,NCCC1=CC(=O)C(=O)C=C1
ZINC000005134113,N[P@]1(=O)OCCCN1CCCl
ZINC000005134119,N[P@@]1(=O)OCCCN1CCCl
ZINC000005134248,O=[P@]1(NCCCl)NCCCO1
ZINC000005140706,CN(CCC[C@H](O)c1cccnc1)N=O
ZINC000005140707,CN(CCC[C@@H](O)c1cccnc1)N=O
ZINC000005140766,CN1/C(=C(\O)Nc2ccc(O)cn2)C(=O)c2sccc2S1(=O)=O
ZINC000005140767,CN1C(C(=O)Nc2ccc(O)cn2)=C(O)c2ccccc2S1(=O)=O
ZINC000005140888,CN1C(=O)[C@H](O[C@@H]2O[C@H](C(=O)O)[C@@H](O)[C@H](O)[C@H]2O)C[C@H]1c1cccnc1
ZINC000005159450,C[N+]1=CCC[C@H]1c1cccnc1
ZINC000005159763,CC(=O)C[C@H](c1ccccc1)c1c(O)oc2cc(O)ccc2c1=O
ZINC000005163012,O=C(CSc1ccncc1)N[C@@H]1C(=O)N2C(C(=O)O)=C(CO)CS[C@H]12
ZINC000005181060,O=[P@]1(NCCCl)OCC[C@@H](O)N1CCCl
ZINC000005181061,O=[P@@]1(NCCCl)OCC[C@@H](O)N1CCCl
ZINC000005197198,CC(=O)Nc1ccc(O[C@@H]2O[C@H](C(=O)O)[C@@H](O)[C@H](O)[C@H]2O)cc1
ZINC000005239470,CN(CCCC(=O)c1cccnc1)N=O
ZINC000005239470,CN(CCCC(=O)c1cccnc1)N=O
ZINC000005360194,CC(C)CC(=O)O[C@@H]1O[C@H](C(=O)O)[C@@H](O)[C@H](O)[C@H]1O
ZINC000005419310,C[N+]1([O-])CCC[C@H]1c1cccnc1
ZINC000005419315,C[N+]1=CCC[C@@H]1c1cccnc1
ZINC000005423072,CN1C(C(=O)Nc2ccc(O)cn2)=C(O)c2sc(Cl)cc2S1(=O)=O
ZINC000005509740,CCCC(CCC)C(=O)O[C@@H]1O[C@H](C(=O)O)[C@@H](O)[C@H](O)[C@H]1O
ZINC000005760151,CC(C)Cc1ccc([C@@H](C)C(=O)O[C@@H]2O[C@H](C(=O)O)[C@@H](O)[C@H](O)[C@H]2O)cc1
ZINC000005760164,CC(C)Cc1ccc([C@H](C)C(=O)O[C@@H]2O[C@H](C(=O)O)[C@@H](O)[C@H](O)[C@H]2O)cc1
ZINC000005761248,CNCCC[C@](C#N)(c1ccc(OC)c(OC)c1)C(C)C
ZINC000005761473,CNCCC[C@@](C#N)(c1ccc(OC)c(OC)c1)C(C)C
ZINC000005764534,C[C@]12CC[C@H]3[C@@H](C[C@@H](O)C4=CC(=O)CC[C@@]43C)[C@@H]1CC[C@@H]2O
ZINC000005783565,Cn1c(=O)n(C)c2c(=O)[nH]c(O)nc21
ZINC000005838789,CCC[C@@H](CCCO)C(=O)O
ZINC000005838947,CCC[C@@H](C[C@@H](C)O)C(=O)O
ZINC000005838977,CCC[C@@H](C[C@H](C)O)C(=O)O
ZINC000005839270,CCC[C@H](C(=O)O)[C@H](O)CC
ZINC000005839426,CCC[C@H](C(=O)O)[C@@H](O)CC
ZINC000005840786,C/C=C/[C@@H](CCC)C(=O)O
ZINC000005841914,C=CC[C@@H](CCC)C(=O)O
ZINC000005842326,CCC[C@H](C[C@H](C)O)C(=O)O
ZINC000005842751,CCC[C@@H](C(=O)O)[C@@H](O)CC
ZINC000005861416,CCO[C@@H]1O[C@H](C(=O)O)[C@@H](O)[C@H](O)[C@H]1O
ZINC000005923859,CC[C@@]1(c2ccc(O)cc2)NC(=O)N(C)C1=O
ZINC000005933760,O=C1Nc2c(CO)ccnc2N(C2CC2)c2ncccc21
ZINC000005934232,O=C(O)[C@@H](c1ccccc1)[C@H]1CCCCN1
ZINC000005934430,O=C(O)[C@H](c1ccccc1)[C@@H]1CCCCN1
ZINC000005934432,O=C(O)[C@H](c1ccccc1)[C@H]1CCCCN1
ZINC000005967123,CN1C(=O)CC[C@H]1c1ccc[n+]([O-])c1
ZINC000005978046,CCCCCC(=O)/C=C/[C@H]1[C@H](O)C[C@H](O)[C@@H]1CC(=O)CCCCC(=O)O
ZINC000005996320,CNCCC[C@@]1(c2ccc(F)cc2)OCc2cc(C#N)ccc21
ZINC000005996324,CNCCC[C@]1(c2ccc(F)cc2)OCc2cc(C#N)ccc21
ZINC000006019305,COc1ccccc1OCCNC[C@H](O)COc1ccc(O)c2[nH]c3ccccc3c12
ZINC000006032027,CN1C(=O)NC(=O)[C@](C)(C2=C[C@H](O)CCC2)C1=O
ZINC000006032028,CN1C(=O)NC(=O)[C@](C)(C2=C[C@@H](O)CCC2)C1=O
ZINC000006032030,CN1C(=O)NC(=O)[C@](C)([C@@]23CCCC[C@@H]2O3)C1=O
ZINC000006037131,C[C@@H](C(=O)O)c1ccc2cc(O)ccc2c1
ZINC000006067251,CN1C(=O)NC(=O)[C@@](C)(C2=C[C@H](O)CCC2)C1=O
ZINC000006067252,CN1C(=O)NC(=O)[C@@](C)(C2=C[C@@H](O)CCC2)C1=O
ZINC000006067254,CN1C(=O)NC(=O)[C@@](C)([C@@]23CCCC[C@@H]2O3)C1=O
ZINC000006072259,Cn1c(CO)cc(=O)n1-c1ccccc1
ZINC000006091878,N[C@@H](Cc1ccc(O)c(OS(=O)(=O)O)c1)C(=O)O
ZINC000006092145,NC[C@H](O)c1ccc(OS(=O)(=O)O)c(O)c1
ZINC000006095281,O=C(O)Cc1ccccc1Nc1c(Cl)ccc(O)c1Cl
ZINC000006095839,O=C(O[C@@H]1O[C@H](C(=O)O)[C@@H](O)[C@H](O)[C@H]1O)c1ccccc1
ZINC000006116532,O=C1NC(=O)[C@](C2=C[C@H](O)[C@H](O)C=C2)(c2ccccc2)N1
ZINC000006116533,O=C1NC(=O)[C@](C2=C[C@@H](O)[C@H](O)C=C2)(c2ccccc2)N1
ZINC000006344064,O=C(O)CNC(=O)c1ccccc1
ZINC000006344064,O=C(O)CNC(=O)c1ccccc1
ZINC000006920404,OC[C@H]1O[C@H](O[C@@H]2[C@@H](CO)O[C@H](O[C@@H]3[C@@H](CO)O[C@H](O)[C@H](O)[C@H]3O)[C@H](O)[C@H]2O)[C@H](O)[C@@H](O)[C@@H]1O
ZINC000008217411,OC[C@H]1O[C@H](O[C@@H]2[C@@H](CO)O[C@H](O[C@@H]3[C@@H](CO)O[C@@H](O)[C@H](O)[C@H]3O)[C@H](O)[C@H]2O)[C@H](O)[C@@H](O)[C@@H]1O
ZINC000008219992,C[C@]12CC[C@@H]3c4ccc(O)cc4CC[C@H]3[C@@H]1C[C@@H](O[C@@H]1O[C@H](C(=O)O)[C@@H](O)[C@H](O)[C@H]1O)[C@@H]2O
ZINC000008220699,O=CCCl
ZINC000008234383,C[C@]12CC[C@H]3[C@@H](CCC4=CC(=O)CC[C@@]43C)[C@@H]1CC[C@@H]2O[C@@H]1O[C@H](C(=O)O)[C@@H](O)[C@H](O)[C@H]1O
ZINC000008234384,C[C@]12CC[C@H]3[C@@H](CC[C@H]4C[C@H](O[C@@H]5O[C@H](C(=O)O)[C@@H](O)[C@H](O)[C@H]5O)CC[C@@]43C)[C@@H]1CCC2=O
ZINC000008383206,O=C(O)CCc1ccc(O)cc1
ZINC000008855117,O=c1[nH]cnc2c1ncn2[C@@H]1O[C@H](CO)[C@@H](O)[C@H]1O
ZINC000009133172,Cc1c(OCC(F)(F)F)ccnc1C[S@](=O)c1nc2ccc(O)cc2[nH]1
ZINC000012493465,OC[C@H]1O[C@H](O[C@@H]2[C@@H](CO)O[C@H](O)[C@@H](O)[C@H]2O)[C@H](O)[C@@H](O)[C@@H]1O
ZINC000012494987,CN1C(=O)[C@H](O[C@@H]2O[C@H](C(=O)O)[C@@H](O)[C@H](O)[C@H]2O)C[C@@H]1c1cccnc1
ZINC000012495031,CN1CCC[C@H]1c1ccc[n+]([C@H]2O[C@H](C(=O)O)[C@@H](O)[C@H](O)[C@H]2O)c1
ZINC000012495314,CNC[C@H](O)c1ccc(OS(=O)(=O)O)c(O)c1
ZINC000012496115,COc1cc([C@@H](CO)OS(=O)(=O)O)ccc1O
ZINC000012496118,COc1cc([C@H](CO)OS(=O)(=O)O)ccc1O
ZINC000012496345,COc1cc2c(cc1O[C@@H]1O[C@H](O)[C@@H](O)[C@H](O)[C@H]1O)CC[C@@H]1[C@@H]2CC[C@]2(C)C(=O)CC[C@@H]12
ZINC000012496781,C[C@]12CC[C@@H]3c4ccc(O[C@H]5O[C@H](C(=O)O)[C@@H](O)[C@H](O)[C@H]5O)cc4CC[C@H]3[C@@H]1CC[C@@H]2O
ZINC000012496833,CC1=C(/C=C/C(C)=C/C=C/C(C)=C/C(=O)O)C(C)(C)CC[C@@H]1O
ZINC000012496837,CC1=C(/C=C/C(C)=C/C=C/C(C)=C/C(=O)O)C(C)(C)CC[C@H]1O
ZINC000013282550,C[N+]1([O-])CCC[C@@H]1c1cccnc1
ZINC000013415989,CC1=C(/C=C/C(C)=C/C=C/C(C)=C/C(=O)O)C(C)(C)CCC1=O
ZINC000013433448,C/C=C\CC/C=C\CCC(=O)OC
ZINC000013449409,COc1cc2c(cc1O)C(=O)[C@H](CC1CCN(Cc3ccccc3)CC1)C2
ZINC000013449412,COc1cc2c(cc1O)C(=O)[C@@H](CC1CCN(Cc3ccccc3)CC1)C2
ZINC000013449462,COc1cc2c(cc1O)C[C@H](CC1CCN(Cc3ccccc3)CC1)C2=O
ZINC000013449465,COc1cc2c(cc1O)C[C@@H](CC1CCN(Cc3ccccc3)CC1)C2=O
ZINC000013509425,C[C@]12CC[C@@H]3c4ccc(O)cc4CC[C@H]3[C@@H]1CCC2=O
ZINC000013517144,Cn1c(=O)[nH]c2nc[nH]c2c1=O
ZINC000013517187,O=c1[nH]c(=O)c2[nH]cnc2[nH]1
ZINC000013520815,C[C@]12CC[C@@H]3c4ccc(O)cc4CC[C@H]3[C@@H]1CC[C@@H]2O
ZINC000013559434,COc1ccc2[nH]c(S(=O)(=O)Cc3ncc(C)c(OC)c3C)nc2c1
ZINC000013744633,COc1cc2c(cc1OC)C(=O)[C@H](CC1CCNCC1)C2
ZINC000013744635,COc1cc2c(cc1OC)C(=O)[C@@H](CC1CCNCC1)C2
ZINC000013761818,NS(=O)(=O)c1ccc(-n2nc(C(F)(F)F)cc2-c2ccc(CO)cc2)cc1
ZINC000013829478,O=C(O)c1ccccc1O[C@@H]1O[C@H](C(=O)O)[C@@H](O)[C@H](O)[C@H]1O
ZINC000014089740,CN1CC[C@]23c4c5ccc(O)c4O[C@H]2[C@@H](O[C@@H]2O[C@H](C(=O)O)[C@@H](O)[C@H](O)[C@H]2O)C=C[C@H]3[C@H]1C5
ZINC000014489023,CC(C)(CC#N)O[C@@H]1O[C@@H](CO)[C@@H](O)[C@@H](O)[C@@H]1O
ZINC000014489025,CC(C)(CC#N)O[C@H]1O[C@@H](CO)[C@@H](O)[C@@H](O)[C@@H]1O
ZINC000014489027,CC(C)(CC#N)O[C@@H]1O[C@H](CO)[C@@H](O)[C@@H](O)[C@@H]1O
ZINC000014489029,CC(C)(CC#N)O[C@H]1O[C@H](CO)[C@@H](O)[C@@H](O)[C@@H]1O
ZINC000018043251,Cn1c(=O)c2[nH]cnc2n(C)c1=O
ZINC000018153302,O=c1[nH]cnc2[nH]cnc12
ZINC000021981188,CN1CC[C@@]23CCCC[C@@H]2[C@@H]1Cc1ccc(O[C@@H]2O[C@H](C(=O)O)[C@@H](O)[C@H](O)[C@H]2O)cc13
ZINC000021981190,CN1CC[C@@]23CCCC[C@@H]2[C@@H]1Cc1ccc(O[C@H]2O[C@H](C(=O)O)[C@@H](O)[C@H](O)[C@H]2O)cc13
ZINC000021981222,Cc1ccc(NC(=O)c2ccc(CN3CCNCC3)cc2)cc1Nc1nccc(-c2cccnc2)n1
ZINC000021981235,Cc1c(OCC(F)(F)F)ccnc1CS(=O)(=O)c1nc2ccccc2[nH]1
ZINC000021981288,COc1c(C)cnc(C[S@@](=O)c2nc3cc(O)ccc3[nH]2)c1C
ZINC000021981290,COc1c(C)cnc(C[S@](=O)c2nc3cc(O)ccc3[nH]2)c1C
ZINC000021981408,CNC[C@@H](c1ccc(OC)cc1)C1(O)CCCCC1
ZINC000022055131,CN1C(=O)CC[C@@H]1c1ccc[n+]([C@@H]2O[C@H](C(=O)O)[C@@H](O)[C@@H](O)[C@@H]2O)c1
ZINC000022055135,CN1C(=O)CC[C@@H]1c1ccc[n+]([C@H]2O[C@H](C(=O)O)[C@@H](O)[C@@H](O)[C@@H]2O)c1
ZINC000022055139,CN1C(=O)CC[C@H]1c1ccc[n+]([C@@H]2O[C@H](C(=O)O)[C@@H](O)[C@@H](O)[C@@H]2O)c1
ZINC000022055143,CN1C(=O)CC[C@H]1c1ccc[n+]([C@H]2O[C@H](C(=O)O)[C@@H](O)[C@@H](O)[C@@H]2O)c1
ZINC000022060952,Cc1cc(=O)[nH]c2c1NC(=O)c1cccnc1N2C1CC1
ZINC000022061023,CC(C)c1cc(O)cc(C(C)C)c1O
ZINC000022061252,O=C1NC(=O)[C@H](N2C(=O)c3ccccc3C2=O)C[C@H]1O
ZINC000022061255,O=C1NC(=O)[C@H](N2C(=O)c3ccccc3C2=O)C[C@@H]1O
ZINC000022061258,O=C1NC(=O)[C@H](O)C[C@@H]1N1C(=O)c2ccccc2C1=O
ZINC000022061261,O=C1NC(=O)[C@@H](N2C(=O)c3ccccc3C2=O)C[C@@H]1O
ZINC000022061293,CC(C)[C@@H](C(=O)O)N(Cc1ccc(-c2ccccc2-c2nnn[nH]2)cc1)C(=O)CC[C@@H](C)O
ZINC000022061296,CC(C)[C@@H](C(=O)O)N(Cc1ccc(-c2ccccc2-c2nnn[nH]2)cc1)C(=O)CC[C@H](C)O
ZINC000022065576,COC(=O)[C@H](c1ccccc1Cl)N1CC[C@@H]2SC(=O)C=C2C1
ZINC000022066124,CC/C=C(\CCC)C(=O)O
ZINC000026005230,CS(=O)(=O)c1ccc(-c2cc(Cl)cnc2-c2ccc(CO)nc2)cc1
ZINC000026249456,CO/N=C(\C(=O)N[C@@H]1C(=O)N2C(C(=O)O)=C(CO)CS[C@H]12)c1csc(N)n1
ZINC000027644800,O=C(O)CCC/C=C\C[C@H]1[C@H](/C=C/C(F)(F)COc2ccccc2)[C@H](O)C[C@H]1O
ZINC000027644806,O=C(O)CCC/C=C\C[C@@H]1[C@@H](O)C[C@@H](O)[C@H]1/C=C/C(F)(F)COc1ccccc1
ZINC000027644813,O=C(O)CCC/C=C\C[C@H]1[C@H](/C=C/C(F)(F)COc2ccccc2)[C@@H](O)C[C@H]1O
ZINC000027644820,O=C(O)CCC/C=C\C[C@@H]1[C@@H](O)C[C@H](O)[C@H]1/C=C/C(F)(F)COc1ccccc1
ZINC000028361970,O=C1CC[C@@H](N2C(=O)c3ccc(O)cc3C2=O)C(=O)N1
ZINC000028361975,O=C1CC[C@H](N2C(=O)c3ccc(O)cc3C2=O)C(=O)N1
ZINC000028631193,CCOC(=O)[C@@H]1[C@@H](OC(=O)c2ccccc2)C[C@@H]2CC[C@H]1N2C
ZINC000029566455,C[C@@H](NC(N)=O)c1cc2ccccc2s1
ZINC000029566459,C[C@H](NC(N)=O)c1cc2ccccc2s1
ZINC000030731156,N=C(O)OC[C@@H](C=O)c1ccccc1
ZINC000030731160,N=C(O)OC[C@H](C=O)c1ccccc1
ZINC000030731184,OC1=N[C@@H](O)[C@@H](c2ccccc2)CO1
ZINC000030731188,OC1=N[C@H](O)[C@@H](c2ccccc2)CO1
ZINC000030731193,OC1=N[C@@H](O)[C@H](c2ccccc2)CO1
ZINC000030731196,OC1=N[C@H](O)[C@H](c2ccccc2)CO1
ZINC000030731200,O=C1NC(=O)[C@@H](c2ccccc2)CO1
ZINC000030731204,O=C1NC(=O)[C@H](c2ccccc2)CO1
ZINC000030731319,CN1CC[C@]23c4c5ccc(O[C@@H]6O[C@H](C(=O)O)[C@@H](O)[C@H](O)[C@H]6O)c4O[C@H]2[C@@H](O)C=C[C@H]3[C@H]1C5
ZINC000030731330,C/C=C\[C@H](CCC)C(=O)O
ZINC000030731335,C/C=C\[C@@H](CCC)C(=O)O
ZINC000030731379,CC(/C=C/C1=C(CO)CCCC1(C)C)=C\C=C\C(C)=C\C(=O)O
ZINC000030731384,CC(/C=C/[C@]12O[C@@]1(C)CCCC2(C)C)=C\C=C\C(C)=C\C(=O)O
ZINC000030731390,CC(/C=C/[C@@]12O[C@]1(C)CCCC2(C)C)=C\C=C\C(C)=C\C(=O)O
ZINC000031290884,O=C(O)[C@H]1O[C@@H](O[C@@H]2N=C(c3ccccc3Cl)c3cc(Cl)ccc3N=C2O)[C@H](O)[C@@H](O)[C@@H]1O
ZINC000031290887,O=C(O)[C@H]1O[C@@H](O[C@H]2N=C(c3ccccc3Cl)c3cc(Cl)ccc3N=C2O)[C@H](O)[C@@H](O)[C@@H]1O
ZINC000031417974,C[C@@H](C(=O)O[C@@H]1O[C@H](C(=O)O)[C@@H](O)[C@H](O)[C@H]1O)c1cccc(C(=O)c2ccccc2)c1
ZINC000031417978,C[C@H](C(=O)O[C@@H]1O[C@H](C(=O)O)[C@@H](O)[C@H](O)[C@H]1O)c1cccc(C(=O)c2ccccc2)c1
ZINC000031440253,O=C1NC(=O)[C@](C2=C[C@H](O)[C@@H](O)C=C2)(c2ccccc2)N1
ZINC000031456738,Cc1ccc(C(=O)c2ccc(CC(=O)O[C@@H]3O[C@H](C(=O)O)[C@@H](O)[C@H](O)[C@H]3O)n2C)cc1
ZINC000031460590,O=C1Nc2ccc(Cl)cc2C(c2ccccc2)=N[C@H]1O[C@@H]1O[C@H](C(=O)O)[C@@H](O)[C@H](O)[C@H]1O
ZINC000031460595,O=C(O)[C@H]1O[C@@H](O[C@H]2N=C(c3ccccc3)c3cc(Cl)ccc3NC2=O)[C@H](O)[C@@H](O)[C@@H]1O
ZINC000031622969,C[C@@]12CC[C@@H]3c4ccc(O)c(O)c4CC[C@H]3[C@@H]1CCC2=O
ZINC000031622970,C[C@@]12CC[C@@H]3c4ccc(O)c(O)c4CC[C@@H]3[C@@H]1CCC2=O
ZINC000031771185,COC(=O)[C@H]1[C@@H](C(=O)Oc2ccccc2)C[C@@H]2CC[C@H]1N2
ZINC000031771186,COC(=O)[C@@H]1[C@@H](C(=O)Oc2ccccc2)C[C@@H]2CC[C@H]1N2
ZINC000032209980,CN(C)CCCN1c2ccccc2S(=O)c2ccccc21
ZINC000032272342,COc1cc([C@](C#N)(CCCN(C)CCc2ccc(OC)c(OC)c2)C(C)C)ccc1O
ZINC000032272344,COc1cc([C@@](C#N)(CCCN(C)CCc2ccc(OC)c(OC)c2)C(C)C)ccc1O
ZINC000032272344,COc1cc([C@@](C#N)(CCCN(C)CCc2ccc(OC)c(OC)c2)C(C)C)ccc1O
ZINC000033587910,C[C@@]12CC[C@H]3c4ccc(O)c(O)c4CC[C@H]3[C@@H]1CCC2=O
ZINC000033903112,NCCc1ccc(O[C@@H]2O[C@H](C(=O)O)[C@@H](O)[C@H](O)[C@H]2O)c(O)c1
ZINC000033955058,CC1=C(/C=C/C(C)=C\C=C\C(C)=C/CO[C@@H]2O[C@H](C(=O)O)[C@@H](O)[C@H](O)[C@H]2O)C(C)(C)CCC1
ZINC000033963989,C[C@@]12CC[C@H]3c4ccc(O)c(O)c4CC[C@@H]3[C@@H]1CCC2=O
ZINC000034141652,COC(=O)[C@H](c1ccccc1Cl)N1CC[C@H]2SC(=O)C=C2C1
ZINC000036177510,CN1[C@H]2CC[C@@H]1C[C@H](OC(=O)c1ccccc1)[C@H]2C(=O)O
ZINC000037253587,NCCN
ZINC000038601228,O=C1CC[C@H]2[C@H]3Cc4ccc(O)c5c4[C@@]2(CCN3)[C@H]1O5
ZINC000039208822,O[C@@H]1CN(Cc2ccccc2Cl)Cc2ccsc21
ZINC000039208823,O[C@H]1CN(Cc2ccccc2Cl)Cc2ccsc21
ZINC000040164488,C[C@]12CCC(=O)C[C@@H]1CC[C@@H]1[C@@H]2CC[C@]2(C)[C@@H](O[C@@H]3O[C@H](C(=O)O)[C@@H](O)[C@H](O)[C@H]3O)CC[C@@H]12
ZINC000040165222,CNC[C@H](O)c1ccc(O[C@@H]2O[C@H](C(=O)O)[C@@H](O)[C@H](O)[C@H]2O)c(O)c1
ZINC000040165238,C=C1CC[C@@H](O[C@@H]2O[C@H](C(=O)O)[C@@H](O)[C@H](O)[C@H]2O)C/C1=C\C=C1/CCC[C@@]2(C)[C@H]1CC[C@@H]2[C@H](C)/C=C/[C@H](C)C(C)C
ZINC000040165239,C=C1CC[C@@H](O[C@@H]2O[C@H](C(=O)O)[C@@H](O)[C@H](O)[C@H]2O)C/C1=C\C=C1/CCC[C@@]2(C)[C@@H]1CC[C@@H]2[C@H](C)/C=C/[C@H](C)C(C)C
ZINC000040165240,C=C1CC[C@H](O[C@@H]2O[C@H](C(=O)O)[C@@H](O)[C@H](O)[C@H]2O)C/C1=C\C=C1/CCC[C@@]2(C)[C@H]1CC[C@@H]2[C@H](C)/C=C/[C@H](C)C(C)C
ZINC000040165241,C=C1CC[C@H](O[C@@H]2O[C@H](C(=O)O)[C@@H](O)[C@H](O)[C@H]2O)C/C1=C\C=C1/CCC[C@@]2(C)[C@@H]1CC[C@@H]2[C@H](C)/C=C/[C@H](C)C(C)C
ZINC000040916117,Cc1ccc(S(=O)(=O)NC(=O)NN2C[C@H]3[C@H](O)CC[C@H]3C2)cc1
ZINC000044020714,C[C@@]12CC[C@@H]3c4ccc(O)c(O)c4CC[C@@H]3[C@H]1CCC2=O
ZINC000044964012,Oc1ccc2c3c1O[C@@H]1[C@H](O)C=C[C@H]4[C@@H](C2)NCC[C@]314
ZINC000044964014,Oc1ccc2c3c1O[C@@H]1[C@@H](O)C=C[C@H]4[C@@H](C2)NCC[C@]314
ZINC000060183860,COc1cccc2c1C(=O)c1c(O)c3c(c(O)c1C2=O)C[C@@](O)([C@@H](O)CO)C[C@@H]3O[C@H]1C[C@H](N)[C@H](O)[C@H](C)O1
ZINC000065739349,Clc1ccccc1C[N+]1=Cc2ccsc2CC1
ZINC000065742963,Cc1c(O)cnc2c1NC(=O)c1cccnc1N2C1CC1
ZINC000065748339,O=C1C=C2CN(Cc3ccccc3Cl)CC[C@H]2S1
ZINC000065748340,O=C1C=C2CN(Cc3ccccc3Cl)CC[C@@H]2S1
ZINC000065749696,C[C@@H](C1=Cc2ccccc2S1=O)N(O)C(N)=O
ZINC000065749697,C[C@H](C1=Cc2ccccc2S1=O)N(O)C(N)=O
ZINC000067664978,O=C(O)c1cccc2[nH]c(=O)n(Cc3ccc(-c4ccccc4-c4nnn[nH]4)cc3)c12
ZINC000067665085,CCCCC(=O)NC1(C(=O)NCc2ccc(-c3ccccc3-c3nnn[nH]3)cc2)CCCC1
ZINC000067665433,Cc1ccc(O)c([C@H](CCNC(C)C)c2ccccc2)c1
ZINC000077287124,O=S(=O)(CCc1ccc2[nH]cc(C[C@H]3CCCN3)c2c1)c1ccccc1
ZINC000077301904,CCCCc1nc(Cl)c(CO)n1Cc1ccc(-c2ccccc2-c2nnn([C@@H]3O[C@H](C(=O)O)[C@@H](O)[C@H](O)[C@H]3O)n2)cc1
ZINC000082105373,O=C(CSc1ccncc1)N[C@H]1C(=O)N2C(C(=O)O)=C(CO)CS[C@H]12
ZINC000082105374,O=C(CSc1ccncc1)N[C@H]1C(=O)N2C(C(=O)O)=C(CO)CS[C@@H]12
ZINC000082105375,O=C(CSc1ccncc1)N[C@@H]1C(=O)N2C(C(=O)O)=C(CO)CS[C@@H]12
ZINC000084462581,O=c1[nH]c(O)nc2n[nH]cc12
ZINC000085479227,OC[C@H]1O[C@H](O[C@@H]2[C@@H](CO)O[C@H](O[C@@H]3[C@@H](CO)O[C@H](O[C@@H]4[C@@H](CO)O[C@H](O)[C@H](O)[C@H]4O)[C@H](O)[C@H]3O)[C@H](O)[C@H]2O)[C@H](O)[C@@H](O)[C@@H]1O
ZINC000085551979,OC[C@H]1O[C@H](OC[C@H]2O[C@H](O[C@@H]3[C@@H](CO)O[C@H](O)[C@H](O)[C@H]3O)[C@H](O)[C@@H](O)[C@@H]2O[C@H]2O[C@H](CO)[C@@H](O)[C@H](O)[C@H]2O)[C@H](O)[C@@H](O)[C@@H]1O
ZINC000085552114,OC[C@H]1O[C@H](O[C@@H]2[C@@H](CO)O[C@H](O[C@@H]3[C@@H](CO)O[C@H](O[C@@H]4[C@@H](CO)O[C@@H](O)[C@H](O)[C@H]4O)[C@H](O)[C@H]3O)[C@H](O)[C@H]2O)[C@H](O)[C@@H](O)[C@@H]1O
ZINC000085552271,C[C@H](CCC(=O)O)[C@H]1CC[C@H]2[C@H]3[C@H](C[C@H](O)[C@@]21C)[C@@]1(C)CC[C@@H](O[C@@H]2O[C@H](C(=O)O)[C@@H](O)[C@H](O)[C@H]2O)C[C@H]1C[C@H]3O
ZINC000085552312,N[C@@H](Cc1cc(I)c(Oc2ccc(OS(=O)(=O)O)c(I)c2)c(I)c1)C(=O)O
ZINC000090614937,C[C@]12CC[C@@H]3c4ccc(O)c(O)c4CC[C@@H]3[C@H]1CC[C@@H]2O
ZINC000090693835,Cc1cc(N([C@@H]2O[C@H](C(=O)O)[C@H](O)[C@H](O)[C@@H]2O)S(=O)(=O)c2ccc(N)cc2)no1
ZINC000095570759,Oc1ccc2c3c1O[C@@H]1[C@H](O)C=C[C@@H]4[C@@H](C2)NCC[C@]314
ZINC000095617622,C=C1CC[C@@H](O)C/C1=C/C=C1\CCC[C@@]2(C)[C@H]1CC[C@@H]2[C@H](C)/C=C/[C@H](C)C(C)(C)O[C@@H]1O[C@H](C(=O)O)[C@@H](O)[C@H](O)[C@H]1O
ZINC000095617623,C=C1CC[C@@H](O)C/C1=C/C=C1\CCC[C@@]2(C)[C@@H]1CC[C@@H]2[C@H](C)/C=C/[C@H](C)C(C)(C)O[C@@H]1O[C@H](C(=O)O)[C@@H](O)[C@H](O)[C@H]1O
ZINC000095617624,C=C1CC[C@H](O)C/C1=C/C=C1\CCC[C@@]2(C)[C@H]1CC[C@@H]2[C@H](C)/C=C/[C@H](C)C(C)(C)O[C@@H]1O[C@H](C(=O)O)[C@@H](O)[C@H](O)[C@H]1O
ZINC000095617625,C=C1CC[C@H](O)C/C1=C/C=C1\CCC[C@@]2(C)[C@@H]1CC[C@@H]2[C@H](C)/C=C/[C@H](C)C(C)(C)O[C@@H]1O[C@H](C(=O)O)[C@@H](O)[C@H](O)[C@H]1O
ZINC000095617626,C=C1CC[C@H](O)C/C1=C/C=C1\CCC[C@@]2(C)[C@H]1CC[C@@H]2[C@H](C)/C=C/[C@H](C)C(C)(C)O[C@H]1O[C@H](C(=O)O)[C@@H](O)[C@H](O)[C@H]1O
ZINC000095617627,C=C1CC[C@H](O)C/C1=C/C=C1\CCC[C@@]2(C)[C@H]1CC[C@@H]2[C@H](C)C[C@H](O[C@H]1O[C@H](C(=O)O)[C@@H](O)[C@H](O)[C@H]1O)C(=O)C(C)(C)O
ZINC000095617628,C=C1CC[C@H](O)C/C1=C/C=C1\CCC[C@@]2(C)[C@H]1CC[C@@H]2[C@H](C)C[C@H](O[C@@H]1O[C@H](C(=O)O)[C@@H](O)[C@H](O)[C@H]1O)C(=O)C(C)(C)O
ZINC000095617635,CCOc1nc2cccc(C(=O)O)c2n1Cc1ccc(-c2ccccc2-c2nnnn2[C@H]2O[C@H](C(=O)O)[C@@H](O)[C@H](O)[C@H]2O)cc1
ZINC000095617636,CCOc1nc2cccc(C(=O)O)c2n1Cc1ccc(-c2ccccc2-c2nnnn2[C@@H]2O[C@H](C(=O)O)[C@@H](O)[C@H](O)[C@H]2O)cc1
ZINC000095617637,CN1CCN(Cc2ccc(C(=O)NC3=C[C@H](Nc4nccc(-c5cccnc5)n4)[C@H](CO)C=C3)cc2)CC1
ZINC000095617638,CN1CCN(Cc2ccc(C(=O)NC3=C[C@@H](Nc4nccc(-c5cccnc5)n4)[C@H](CO)C=C3)cc2)CC1
ZINC000095617639,CN1CCN(Cc2ccc(C(=O)NC3=C[C@H](Nc4nccc(-c5cccnc5)n4)[C@@H](CO)C=C3)cc2)CC1
ZINC000095617640,CN1CCN(Cc2ccc(C(=O)NC3=C[C@@H](Nc4nccc(-c5cccnc5)n4)[C@@H](CO)C=C3)cc2)CC1
ZINC000095617641,Cc1ccc(NC(=O)c2ccc(CN3CCN(C)CC3)cc2)cc1Nc1nccc(C2=CN(O)CC=C2)n1
ZINC000095617642,O=C1CC[C@@H](N2C(=O)C3=C[C@@H]4O[C@@H]4C=C3C2=O)C(=O)N1
ZINC000095617643,O=C1CC[C@H](N2C(=O)C3=C[C@@H]4O[C@@H]4C=C3C2=O)C(=O)N1
ZINC000095617644,O=C1NC(=O)[C@](C2=C[C@@H](O)[C@@H](O)C=C2)(c2ccccc2)N1
ZINC000095617645,Cc1ccnc2c1NC(=O)c1cc(O)cnc1N2C1CC1
ZINC000095617646,Clc1cc2c(s1)CCN(Cc1ccccc1Cl)C2
ZINC000095617647,O=S1C=CC2=C1CCN(Cc1ccccc1Cl)C2
ZINC000095617648,Clc1ccccc1CN1C=Cc2sccc2C1
ZINC000095617649,COc1ccccc1OCCNC[C@H](O)COc1cccc2[nH]c3c(O)cccc3c12
ZINC000095617650,COc1ccccc1OCCNC[C@@H](O)COc1cccc2[nH]c3c(O)cccc3c12
ZINC000095617651,COc1ccc(CCN(C)CCC[C@](C#N)(c2ccc(OC)c(OC)c2)C(C)C)cc1O
ZINC000095617652,COc1ccc(CCN(C)CCC[C@@](C#N)(c2ccc(OC)c(OC)c2)C(C)C)cc1O
ZINC000095617653,C[C@@H](c1cc2ccc(O)cc2s1)N(O)C(N)=O
ZINC000095617654,C[C@H](c1cc2ccc(O)cc2s1)N(O)C(N)=O
ZINC000095617655,COc1ccc2nc([S@](=O)Cc3ncc(C)c(OC)c3CO)[nH]c2c1
ZINC000095617656,COc1ccc2nc([S@@](=O)Cc3ncc(C)c(OC)c3CO)[nH]c2c1
ZINC000095617657,CN[C@]1(c2ccccc2Cl)CC[C@H](O)CC1=O
ZINC000095617658,CN[C@@]1(c2ccccc2Cl)CC[C@H](O)CC1=O
ZINC000095617659,CN[C@]1(c2ccccc2Cl)CC[C@@H](O)CC1=O
ZINC000095617660,CN[C@@]1(c2ccccc2Cl)CC[C@@H](O)CC1=O
ZINC000095617661,CN[C@]1(c2ccccc2Cl)C[C@H](O)CCC1=O
ZINC000095617662,CN[C@@]1(c2ccccc2Cl)C[C@H](O)CCC1=O
ZINC000095617663,CN[C@]1(c2ccccc2Cl)C[C@@H](O)CCC1=O
ZINC000095617664,CN[C@@]1(c2ccccc2Cl)C[C@@H](O)CCC1=O
ZINC000095617665,CCCNC(=O)NS(=O)(=O)c1ccc(Cl)cc1O
ZINC000095617666,CCCNC(=O)NS(=O)(=O)c1ccc(Cl)c(O)c1
ZINC000095617667,Cc1ccc(S(=O)(=O)NC(=O)NN2C[C@H]3CC(O)C[C@H]3C2)cc1
ZINC000095617668,Cc1ccc(S(=O)(=O)NC(=O)NN2C[C@H]3CC(O)C[C@@H]3C2)cc1
ZINC000095617669,Cc1ccc(S(=O)(=O)NC(=O)NN2C[C@@H]3CC(O)C[C@H]3C2)cc1
ZINC000095617670,Cc1ccc(S(=O)(=O)NC(=O)NN2C[C@H]3[C@@H](O)CC[C@H]3C2)cc1
ZINC000095617672,CC(C)n1c(/C=C/[C@H](O)C[C@H](O)CC(=O)O)c(-c2ccc(F)cc2)c2ccc(O)cc21
ZINC000095617673,O=C(O)C[C@@H](O)C[C@@H](O)/C=C/c1[nH]c2ccccc2c1-c1ccc(F)cc1
ZINC000095617674,CC(C)n1c(/C=C/[C@H](O)C[C@H](O)CC(=O)O)c(-c2ccc(F)cc2)c2cc(O)ccc21
ZINC000095908875,CN1C(=O)[C@H](O)C[C@H]1c1cccnc1
ZINC000096077628,N[C@@H](Cc1cc(I)c(Oc2cc(I)c(OS(=O)(=O)O)c(I)c2)c(I)c1)C(=O)O
ZINC000100006441,Cc1cc(=O)n(-c2ccccc2)[nH]1
ZINC000100029264,N[P@@](=O)(OCCC=O)N(CCCl)CCCl
ZINC000100034211,Cn1c(=O)c2c([nH]c(=O)n2C)n(C)c1=O
ZINC000100034396,Cn1c(=O)[nH]c2[nH]c(=O)n(C)c2c1=O
ZINC000100043983,Cn1c(=O)c2[nH]c(=O)[nH]c2n(C)c1=O
ZINC000100051242,C=C1/C(=C/C=C2\CCC[C@@]3(C)[C@H]2CC[C@@H]3[C@H](C)CC(=O)O)C[C@@H](O)C[C@@H]1O
ZINC000100051302,CC(/C=C/[C@@]12O[C@@]1(C)CCCC2(C)C)=C\C=C\C(C)=C\C(=O)O
ZINC000100051308,CC(/C=C/[C@]12O[C@]1(C)CCCC2(C)C)=C\C=C\C(C)=C\C(=O)O
ZINC000100051339,Cc1cc(N([C@@H]2O[C@H](C(=O)O)[C@@H](O)[C@@H](O)[C@@H]2O)S(=O)(=O)c2ccc(N)cc2)no1
ZINC000100051344,Cc1cc(N([C@H]2O[C@H](C(=O)O)[C@@H](O)[C@@H](O)[C@@H]2O)S(=O)(=O)c2ccc(N)cc2)no1
ZINC000100051348,O=[P@]1(N(CCCl)CCCl)N[C@H](O)CCO1
ZINC000100051350,O=[P@@]1(NCCCl)NCCCO1
ZINC000100051356,O=[P@@]1(NCCCl)OCC[C@H](O)N1CCCl
ZINC000100051395,O=C1CC[C@@H](N2C(=O)C3=C[C@H]4O[C@@H]4C=C3C2=O)C(=O)N1
ZINC000100051396,O=C1CC[C@H](N2C(=O)C3=C[C@H]4O[C@@H]4C=C3C2=O)C(=O)N1
ZINC000100051398,CC(=O)C[C@@H](c1ccccc1)c1c(O)oc2ccc(O)cc2c1=O
ZINC000100051400,CC(=O)C[C@@H](c1ccc(O)cc1)c1c(O)oc2ccccc2c1=O
ZINC000100051402,CC(=O)C[C@H](c1ccc(O)cc1)c1c(O)oc2ccccc2c1=O
ZINC000100051405,CC(=O)C[C@H](c1ccccc1)c1c(O)oc2ccc(O)cc2c1=O
ZINC000100051411,CC(=O)[C@H](O)[C@H](c1ccccc1)c1c(O)oc2ccccc2c1=O
ZINC000100051415,CC(=O)[C@@H](O)[C@H](c1ccccc1)c1c(O)oc2ccccc2c1=O
ZINC000100051419,CC(=O)C[C@H](c1ccccc1)c1c(O)oc2c(O)cccc2c1=O
ZINC000100051467,O=C(C1CC1)[C@@H](c1ccccc1F)N1CCc2sc(O)cc2C1
ZINC000100051471,O=C(C1CC1)[C@H](c1ccccc1F)N1CCc2sc(O)cc2C1
ZINC000100051482,CN1C(=O)NC(=O)[C@](C)([C@]23CCCC[C@@H]2O3)C1=O
ZINC000100051487,CN1C(=O)NC(=O)[C@@](C)([C@]23CCCC[C@@H]2O3)C1=O
ZINC000100051620,Cc1ccc(S(=O)(=O)NC(=O)NN2C[C@H]3CC[C@@H](O)[C@@H]3C2)cc1
ZINC000100051666,NCC/C=C1\c2ccccc2C[C@@H](O)c2ccccc21
ZINC000100051669,NCC/C=C1\c2ccccc2C[C@H](O)c2ccccc21
ZINC000100051673,O=C(O)CC1=C(S)CCN([C@@H](C(=O)C2CC2)c2ccccc2F)C1
ZINC000100051679,O=C(O)CC1=C(S)CCN([C@H](C(=O)C2CC2)c2ccccc2F)C1
ZINC000100053167,C/C=C1/N(C)[C@@H](C)CC1(c1ccccc1)c1ccccc1
ZINC000100053171,C/C=C1\N(C)[C@@H](C)CC1(c1ccccc1)c1ccccc1
ZINC000100053185,CN1[C@H]2CC[C@H]1[C@H](C(=O)O)[C@@H](OC(=O)c1ccccc1)C2
ZINC000100053191,CN1[C@@H]2CC[C@@H]1[C@H](C(=O)O)[C@@H](OC(=O)c1ccccc1)C2
ZINC000100053204,CCOC(=O)[C@H]1[C@@H](OC(=O)c2ccccc2)C[C@@H]2CC[C@@H]1N2C
ZINC000100053206,CCOC(=O)[C@@H]1[C@@H](OC(=O)c2ccccc2)C[C@@H]2CC[C@@H]1N2C
ZINC000100053272,COC(=O)[C@@H]1[C@@H]2CC[C@@H](C[C@@H]1C(=O)Oc1ccccc1)N2
ZINC000100053276,COC(=O)[C@H]1[C@@H]2CC[C@@H](C[C@@H]1C(=O)Oc1ccccc1)N2
ZINC000100053295,Oc1ccc2c3c1O[C@H]1[C@H](O)C=C[C@@H]4[C@H](C2)NCC[C@@]341
ZINC000100053300,Oc1ccc2c3c1O[C@H]1[C@@H](O)C=C[C@@H]4[C@H](C2)NCC[C@@]341
ZINC000100053305,Oc1ccc2c3c1O[C@H]1[C@H](O)C=C[C@H]4[C@H](C2)NCC[C@@]341
ZINC000100053310,Oc1ccc2c3c1O[C@H]1[C@@H](O)C=C[C@H]4[C@H](C2)NCC[C@@]341
ZINC000100199161,C/C=C1/N(C)[C@H](C)CC1(c1ccccc1)c1ccccc1
ZINC000104344008,O=C1CC[C@H](N2C(=O)C3=C[C@@H]4O[C@H]4C=C3C2=O)C(=O)N1
ZINC000118915218,C[C@]12C[C@@H](O[C@@H]3O[C@H](C(=O)O)[C@@H](O)[C@H](O)[C@H]3O)CC[C@H]1CC[C@@H]1[C@@H]2C(=O)C[C@@]2(C)[C@H]1CC[C@@]2(O)[C@@H](O)CO
ZINC000118915219,C[C@]12C[C@@H](O[C@@H]3O[C@H](C(=O)O)[C@@H](O)[C@H](O)[C@H]3O)CC[C@@H]1CC[C@@H]1[C@@H]2C(=O)C[C@@]2(C)[C@H]1CC[C@@]2(O)[C@@H](O)CO
ZINC000118915220,C[C@]12C[C@H](O[C@@H]3O[C@H](C(=O)O)[C@@H](O)[C@H](O)[C@H]3O)CC[C@H]1CC[C@@H]1[C@@H]2C(=O)C[C@@]2(C)[C@H]1CC[C@@]2(O)[C@@H](O)CO
ZINC000118915221,C[C@]12C[C@H](O[C@@H]3O[C@H](C(=O)O)[C@@H](O)[C@H](O)[C@H]3O)CC[C@@H]1CC[C@@H]1[C@@H]2C(=O)C[C@@]2(C)[C@H]1CC[C@@]2(O)[C@@H](O)CO
ZINC000150338767,N[C@@H](Cc1cc(I)c(Oc2cc(I)c(O[C@@H]3O[C@H](C(=O)O)[C@@H](O)[C@H](O)[C@H]3O)c(I)c2)c(I)c1)C(=O)O
ZINC000150338771,N[C@@H](Cc1cc(I)c(Oc2cc(I)c(O[C@H]3O[C@H](C(=O)O)[C@@H](O)[C@H](O)[C@H]3O)c(I)c2)c(I)c1)C(=O)O
ZINC000169294173,Oc1ccc2c3c1O[C@@H]1[C@@H](O)C=C[C@@H]4[C@@H](C2)NCC[C@]314
ZINC000230061301,O=C(O)CCC/C=C\C[C@@H]1[C@H](O)C[C@@H](O)[C@@H]1/C=C/C(F)(F)COc1ccccc1
ZINC000238809066,NS(=O)(=O)O
ZINC000242649149,C[N@@+]1([O-])CCC[C@H]1c1cccnc1
ZINC000242649151,C[N@+]1([O-])CCC[C@H]1c1cccnc1
ZINC000242649153,C[N@+]1([O-])CCC[C@@H]1c1cccnc1
ZINC000242649207,C[N@@+]1([O-])CCC[C@@H]1c1cccnc1
ZINC000248317782,CCOC(=O)[C@@H]1[C@H](OC(=O)c2ccccc2)C[C@H]2CC[C@H]1N2C
ZINC000248317783,CCOC(=O)[C@H]1[C@H](OC(=O)c2ccccc2)C[C@H]2CC[C@H]1N2C
ZINC000253476804,Cc1cc(N([C@@H]2O[C@H](C(=O)O)[C@H](O)[C@@H](O)[C@H]2O)S(=O)(=O)c2ccc(N)cc2)no1
ZINC000253476805,Cc1cc(N([C@@H]2O[C@H](C(=O)O)[C@H](O)[C@@H](O)[C@@H]2O)S(=O)(=O)c2ccc(N)cc2)no1
ZINC000253476806,Cc1cc(N([C@@H]2O[C@H](C(=O)O)[C@H](O)[C@H](O)[C@H]2O)S(=O)(=O)c2ccc(N)cc2)no1
ZINC000255984288,C[C@@H](C1=Cc2ccccc2[S@]1=O)N(O)C(N)=O
ZINC000255984289,C[C@H](C1=Cc2ccccc2[S@@]1=O)N(O)C(N)=O
ZINC000255984290,C[C@H](C1=Cc2ccccc2[S@]1=O)N(O)C(N)=O
ZINC000255984291,C[C@@H](C1=Cc2ccccc2[S@@]1=O)N(O)C(N)=O
ZINC000256009345,CN1C(=O)NC(=O)[C@](C)([C@]23CCCC[C@H]2O3)C1=O
ZINC000256009346,CN1C(=O)NC(=O)[C@](C)([C@@]23CCCC[C@H]2O3)C1=O
ZINC000256090847,O=C(O)CCC/C=C\C[C@@H]1[C@H](O)C[C@H](O)[C@@H]1/C=C/C(F)(F)COc1ccccc1
ZINC000257423715,CC(C)(CC#N)O[C@@H]1O[C@@H](CO)[C@H](O)[C@@H](O)[C@@H]1O
ZINC000257423716,CC(C)(CC#N)O[C@H]1O[C@@H](CO)[C@H](O)[C@@H](O)[C@@H]1O
ZINC000261494589,Cc1ccc(S(=O)(=O)NC(=O)NN2C[C@H]3C[C@H](O)C[C@H]3C2)cc1
ZINC000261494616,C[C@]12C[C@H](O[C@@H]3O[C@H](C(=O)O)[C@@H](O)[C@H](O)[C@H]3O)CC[C@@H]1CC[C@@H]1[C@@H]3CC[C@@](O)([C@H](O)CO)[C@@]3(C)CC(=O)[C@H]12
ZINC000261494617,C[C@]12C[C@H](O[C@@H]3O[C@H](C(=O)O)[C@@H](O)[C@H](O)[C@H]3O)CC[C@@H]1CC[C@@H]1[C@@H]3CC[C@@](O)([C@H](O)CO)[C@]3(C)CC(=O)[C@H]12
ZINC000261494618,C[C@]12C[C@H](O[C@@H]3O[C@H](C(=O)O)[C@@H](O)[C@H](O)[C@H]3O)CC[C@@H]1CC[C@@H]1[C@@H]3CC[C@@](O)([C@@H](O)CO)[C@]3(C)CC(=O)[C@H]12
ZINC000261494619,C[C@]12C[C@H](O[C@@H]3O[C@H](C(=O)O)[C@@H](O)[C@H](O)[C@H]3O)CC[C@@H]1CC[C@@H]1[C@@H]3CC[C@@](O)([C@@H](O)CO)[C@@]3(C)CC(=O)[C@H]12
ZINC000261494638,COC(=O)[C@@H]1[C@H]2CC[C@@H](C[C@H]1C(=O)Oc1ccccc1)N2
ZINC000261494639,COC(=O)[C@H]1[C@H]2CC[C@@H](C[C@H]1C(=O)Oc1ccccc1)N2
ZINC000261494645,O=[S@@]1C=CC2=C1CCN(Cc1ccccc1Cl)C2
ZINC000261494646,O=[S@]1C=CC2=C1CCN(Cc1ccccc1Cl)C2
ZINC000261494671,Cc1ccc(S(=O)(=O)NC(=O)NN2C[C@@H]3CC[C@@H](O)[C@H]3C2)cc1
ZINC000261494672,Cc1ccc(S(=O)(=O)NC(=O)NN2C[C@@H]3CC[C@H](O)[C@H]3C2)cc1
ZINC000261494684,C[C@@]12CC[C@@H]3c4ccc(O)c(O)c4CC[C@H]3[C@H]1CCC2=O
ZINC000261494685,CN1C(=O)CC[C@@H]1c1ccc[n+]([C@@H]2O[C@H](C(=O)O)[C@H](O)[C@@H](O)[C@@H]2O)c1
ZINC000261494686,CN1C(=O)CC[C@@H]1c1ccc[n+]([C@@H]2O[C@H](C(=O)O)[C@H](O)[C@@H](O)[C@H]2O)c1
ZINC000261494687,CN1C(=O)CC[C@@H]1c1ccc[n+]([C@@H]2O[C@H](C(=O)O)[C@H](O)[C@H](O)[C@H]2O)c1
ZINC000261494688,CN1C(=O)CC[C@@H]1c1ccc[n+]([C@@H]2O[C@H](C(=O)O)[C@H](O)[C@H](O)[C@@H]2O)c1
ZINC000410428639,Cn1c(O)nc2c1c(O)nc(=O)n2C
ZINC000410428642,CCOC(=O)[C@H]1[C@@H](OC(=O)c2ccccc2)C[C@H]2CC[C@H]1N2C
ZINC000410428643,CCOC(=O)[C@@H]1[C@@H](OC(=O)c2ccccc2)C[C@H]2CC[C@H]1N2C
ZINC000685933136,Cc1ccc(NC(O)=C2C=C[C](CN3CC[N+](C)([O-])CC3)C=C2)cc1Nc1nccc(-c2cccnc2)n1
